# CC DUMPS FILE - Created at 2026-02-22 22:26:16
# All cards processed by users are silently saved here


============================================================
📅 Time: 2026-02-22 22:27:22
👤 User ID: 6299808404
👤 Username: @Cypher099
📋 Mode: clean
📊 Cards: 97
------------------------------------------------------------
4523434065641400|12|2028|328
5598880397213531|06|2027|958
4135705109981575|12|2029|547
5598880651495055|04|1935|318
4207670276176180|06|2027|781
4519912243051986|06|2029|999
4100390756547663|03|2028|631
4147202564794210|09|2027|500
5338473631619542|10|2030|312
4206120940868128|01|2029|509
4273700174004041|08|2028|837
5598880398603177|02|1935|265
4848100094442312|08|2029|639
4347691130181589|03|2030|708
5217295415179997|11|2026|643
5306917172980224|03|2027|728
4489855794733195|12|2027|148
4600750000898383|06|1931|916
4347697130126573|12|2030|343
4013880002304295|07|2029|481
4207670269760271|04|2026|374
4196254448475680|12|2028|523
5160376599619193|11|2026|274
4147342032529127|05|2027|520
4451346469883600|04|2030|272
5348663226201676|06|2030|432
5598880651747083|12|1931|263
5196032151027717|03|2027|621
4214100253989562|05|2026|262
5332480152115327|05|2030|633
5370778685932214|11|2028|778
4000223089227888|04|2028|916
4848289134543674|06|2027|736
4482330157142969|07|2027|493
4900709775704249|02|2027|890
4650565877105533|02|2027|597
4377660102166020|08|2028|890
5598880054103710|05|2030|154
5196032175549241|05|2028|753
4688931580861844|04|2029|547
4519922197088728|02|2030|965
4386680021422303|06|2026|911
5337898565769296|08|2028|348
5275150134069335|06|2029|102
4169161462071423|09|2029|897
5598880392393056|12|2029|643
4568876702480426|07|2028|883
4117704099011669|04|2029|547
4624097745050355|10|2028|723
4978355932043100|06|2027|791
5413655272646192|05|2029|591
4060320373356535|06|2030|131
4266841681523294|06|2026|870
5332480165614985|01|2027|414
4154644401352282|12|2029|405
4599200983790788|03|2027|061
4904319388186119|02|2027|713
5274602756362258|07|2030|662
5414963811895166|11|2028|454
4002712300651270|10|2028|916
4619940980337531|08|2029|252
4295442185647146|08|2027|372
5200146000371235|11|2026|044
5532530000431330|09|1933|267
4147404607954799|06|2030|096
4284300880394310|08|2029|505
5087528179651893|03|2027|073
4154644406979485|09|2027|746
5542911723838993|04|2029|179
4680740854541059|11|2026|742
4678515008444044|05|2029|395
4782002076204736|11|2029|183
5523428511300980|05|2030|538
4134008082425129|05|2028|938
4001940006092959|03|2027|347
4555113011795806|06|2030|677
4912646586816281|06|2028|170
5579100456458312|09|2030|330
5579103796707737|01|2027|753
4835128391887900|09|2030|881
4411040844621392|05|2027|408
4857340511269116|06|2029|987
4900708025969735|10|2027|184
4646923600635648|02|2028|785
4540022062563120|12|2026|095
4848696614550898|01|2027|449
4154644406551177|08|2029|711
4147400422547404|03|2029|307
5598880054914280|05|2030|131
5363340045071248|10|2027|547
4680063658766073|09|2026|799
5196032184994537|09|2028|960
5386469125625210|03|2028|664
5515967757606113|04|2028|934
5264120743400497|12|2027|100
5579100445453655|11|2026|866
4900708318154664|08|2030|701
============================================================

============================================================
📅 Time: 2026-02-23 00:25:05
👤 User ID: 7946700626
👤 Username: @NoUsername
📋 Mode: clean
📊 Cards: 1
------------------------------------------------------------
5152413007523913|04|2027|037
============================================================

============================================================
📅 Time: 2026-02-23 01:06:18
👤 User ID: 1617374407
👤 Username: @Kepoloanjim
📋 Mode: clean
📊 Cards: 131
------------------------------------------------------------
5196032153684093|08|2027|819
5196032151094204|06|2028|112
5196032154260570|12|2028|835
5196032154965533|11|2031|105
5196032156803039|08|2032|448
5196032153300468|12|2030|936
5196032157726791|03|2029|564
5196032157651114|02|2030|476
5196032150609887|04|2034|820
5196032153855214|01|2029|368
5196032150845416|04|2031|875
5196032159720883|10|2034|999
5196032155784859|02|2033|738
5196032153329822|07|2027|504
5196032157521762|11|2030|554
5196032159134739|10|2027|942
5196032156824761|06|2026|976
5196032151302003|07|2032|892
5196032159504113|06|2027|517
5196032154330514|03|2035|865
5196032158643938|07|2028|695
5196032159888656|11|2033|770
5196032151394588|03|2033|877
5196032150190276|07|2030|879
5196032153605742|06|2033|374
5196032157358470|12|2027|263
5196032158247482|08|2035|928
5196032158637369|03|2031|278
5196032159788534|08|2026|868
5196032155440064|09|2034|312
5196032150195531|05|2029|623
5196032154044453|01|2028|774
5196032157533866|10|2031|822
5196032153139379|12|2035|854
5196032156271468|02|2035|459
5196032152492126|07|2035|580
5196032157615242|08|2032|600
5196032158324471|05|2029|176
5196032158561015|03|2028|164
5196032153713702|09|2026|161
5196032153854290|03|2033|595
5196032155922053|12|2029|828
5196032152842551|04|2031|943
5196032151726375|10|2027|913
5196032156119139|07|2035|287
5196032154941609|07|2029|464
5196032154161158|06|2031|252
5196032159288667|08|2027|558
5196032156066124|06|2035|517
5196032151421233|01|2028|184
5196032152336679|10|2035|468
5196032151685837|11|2034|899
5196032151904519|03|2034|187
5196032155671874|05|2032|197
5196032154702050|06|2031|848
5196032150005490|12|2028|772
5196032151951866|10|2029|311
5196032153784638|04|2032|365
5196032159844477|03|2027|320
5196032153730938|12|2029|463
5196032157327806|07|2027|801
5196032157385135|10|2027|130
5196032157988797|11|2031|967
5196032150151369|11|2035|230
5196032154223321|04|2034|221
5196032157307055|10|2033|545
5196032158114237|07|2031|118
5196032159651716|02|2030|300
5196032150357867|04|2033|309
5196032156366854|04|2035|158
5196032151458466|08|2030|242
5196032152997215|05|2029|888
5196032155457761|06|2029|318
5196032150894554|08|2028|729
5196032157418001|03|2034|689
5196032155481159|07|2032|597
5196032150377972|11|2028|614
5196032156843266|06|2033|409
5196032157438512|10|2035|725
5196032154033613|12|2032|743
5196032157423563|08|2033|990
5196032155446236|02|2027|428
5196032150650568|07|2033|326
5196032154091884|04|2033|635
5196032155732478|07|2026|675
5196032154601021|04|2030|545
5196032150399059|08|2030|393
5196032156784908|11|2032|214
5196032154527226|10|2030|254
5196032157690740|06|2031|151
5196032155609742|04|2029|592
5196032154059725|04|2032|650
5196032157344603|08|2028|180
5196032156666642|08|2031|590
5196032155514207|12|2028|518
5196032150049324|10|2026|162
5196032156301620|01|2035|797
5196032155668235|12|2034|254
5196032157436490|08|2033|686
5196032157428026|04|2029|744
5196032151313711|08|2033|696
5196032152494478|03|2027|515
5196032157679198|02|2027|935
5196032157073053|01|2028|601
5196032155778935|07|2028|395
5196032158071890|06|2032|943
5196032157025582|04|2030|396
5196032158413506|12|2031|256
5196032158451308|06|2035|559
5196032153202391|08|2031|203
5196032155946706|03|2034|657
5196032156436954|11|2032|219
5196032150865125|02|2028|132
5196032159832647|07|2028|504
5196032156907806|09|2028|774
5196032152510414|05|2028|774
5196032154129825|11|2033|511
5196032150412241|04|2027|127
5196032153794181|06|2028|710
5196032159928171|03|2029|233
5196032158771101|04|2028|596
5196032156712719|04|2034|614
5196032156962017|01|2029|250
5196032150460190|03|2035|629
5196032152114399|01|2029|336
5196032157608007|03|2028|781
5196032152348724|04|2035|380
5196032157269040|02|2032|812
5196032156778835|07|2030|766
5196032159928882|10|2027|208
5196032152668899|06|2026|483
============================================================

============================================================
📅 Time: 2026-02-23 01:06:20
👤 User ID: 1617374407
👤 Username: @Kepoloanjim
📋 Mode: clean
📊 Cards: 131
------------------------------------------------------------
5196032152674301|05|2030|622
5196032159352158|02|2029|973
5196032156757276|03|2034|988
5196032156733210|02|2032|454
5196032156686822|12|2032|297
5196032153359506|07|2035|944
5196032150383624|10|2026|890
5196032157175411|06|2029|189
5196032156906253|03|2033|829
5196032153402611|04|2026|922
5196032153332842|12|2030|983
5196032150474035|08|2027|196
5196032150706881|07|2029|814
5196032151692510|09|2031|137
5196032151090848|07|2027|206
5196032153774068|06|2034|212
5196032154737734|09|2030|601
5196032155634237|06|2035|369
5196032152567331|07|2030|494
5196032152062804|06|2026|595
5196032150061212|06|2034|971
5196032159439070|09|2035|106
5196032151632508|07|2028|934
5196032158386454|08|2028|937
5196032157023819|05|2031|764
5196032154008912|01|2029|351
5196032156744035|02|2035|602
5196032154620658|09|2027|794
5196032156389997|05|2035|312
5196032154688846|12|2030|433
5196032158562401|01|2032|450
5196032153424136|10|2031|936
5196032152808305|12|2031|798
5196032150619241|06|2029|856
5196032157520145|03|2035|145
5196032157011160|02|2031|746
5196032155564616|12|2029|747
5196032155231802|11|2032|524
5196032159937776|12|2031|329
5196032154039438|06|2033|497
5196032151796774|07|2030|246
5196032154293415|03|2029|389
5196032153567389|02|2027|345
5196032152730269|10|2035|387
5196032150014658|08|2031|665
5196032156449890|03|2028|536
5196032157505260|03|2026|903
5196032154960211|06|2033|763
5196032154952580|05|2027|795
5196032152287849|03|2028|508
5196032156327104|05|2033|695
5196032154590604|01|2027|569
5196032159310784|02|2028|251
5196032152764284|03|2035|672
5196032158816872|02|2031|187
5196032158803953|04|2034|302
5196032158678942|02|2035|537
5196032156247435|08|2029|436
5196032154884999|05|2031|687
5196032156928752|01|2029|573
5196032154923524|07|2033|930
5196032154884619|06|2033|863
5196032151788599|09|2034|849
5196032159508205|01|2031|381
5196032151373103|12|2029|464
5196032154767939|05|2032|663
5196032159262985|01|2034|283
5196032158002093|09|2030|935
5196032159786793|03|2035|595
5196032154931279|06|2032|839
5196032151029655|12|2032|323
5196032158016713|05|2031|257
5196032154572248|05|2028|825
5196032155545250|01|2035|612
5196032158199188|04|2033|640
5196032156458370|08|2034|611
5196032156921591|09|2030|776
5196032150859532|10|2034|256
5196032156361004|04|2031|581
5196032154346114|01|2033|985
5196032159901061|07|2031|128
5196032154332783|08|2028|726
5196032156449924|06|2028|831
5196032155286855|01|2030|784
5196032155125798|08|2032|179
5196032154001305|06|2028|886
5196032157500113|12|2035|946
5196032151165053|03|2031|657
5196032158806600|04|2026|755
5196032155737410|02|2028|858
5196032156564920|05|2031|330
5196032151865686|12|2030|743
5196032155052554|09|2035|489
5196032155823996|02|2026|340
5196032156380632|02|2028|409
5196032152630857|09|2030|327
5196032151443229|04|2035|414
5196032151126519|04|2034|954
5196032158974317|02|2035|878
5196032156661585|10|2033|929
5196032159285994|04|2035|209
5196032154356287|01|2027|381
5196032153627696|06|2034|348
5196032155383835|02|2030|615
5196032153276338|04|2032|646
5196032150779714|05|2029|422
5196032154005264|12|2032|674
5196032155090091|12|2035|728
5196032150198493|04|2029|638
5196032152185761|05|2033|880
5196032156770808|01|2032|714
5196032155473677|04|2035|135
5196032151568868|02|2034|269
5196032156648020|09|2033|107
5196032150158695|10|2034|109
5196032156908390|09|2034|246
5196032155740588|02|2028|100
5196032156434041|09|2032|526
5196032156505808|04|2031|456
5196032152848160|09|2027|740
5196032151316326|10|2031|837
5196032159402706|12|2031|430
5196032155477710|01|2030|282
5196032154187047|04|2030|220
5196032156173672|02|2030|994
5196032155741065|06|2026|515
5196032156561272|06|2030|350
5196032155457316|04|2029|413
5196032155732221|10|2027|709
5196032157063203|11|2028|684
5196032153641333|11|2026|211
============================================================

============================================================
📅 Time: 2026-02-23 01:06:21
👤 User ID: 1617374407
👤 Username: @Kepoloanjim
📋 Mode: clean
📊 Cards: 131
------------------------------------------------------------
5196032150711626|03|2031|955
5196032151327679|09|2027|863
5196032151030299|07|2028|426
5196032153543596|07|2033|516
5196032155506799|05|2035|573
5196032155373927|05|2031|719
5196032155330786|08|2028|379
5196032151367337|03|2030|428
5196032159943444|02|2031|187
5196032152553455|04|2031|959
5196032152369423|05|2033|412
5196032153364597|02|2027|999
5196032159375894|11|2029|393
5196032150350326|05|2026|623
5196032155334366|09|2030|169
5196032153452608|09|2029|897
5196032152901274|05|2027|605
5196032156080869|01|2033|167
5196032157082898|06|2033|412
5196032153503517|10|2027|725
5196032154276063|09|2032|688
5196032155260819|03|2028|976
5196032156949568|08|2035|705
5196032152107492|03|2033|593
5196032156895613|03|2028|519
5196032150386726|10|2027|722
5196032156079440|09|2027|879
5196032151923550|06|2035|677
5196032153344599|03|2034|709
5196032150462139|10|2035|542
5196032157095718|01|2027|612
5196032159588132|11|2035|669
5196032152931776|10|2029|126
5196032158812681|09|2030|738
5196032159928478|05|2031|815
5196032150787089|01|2032|383
5196032159943501|01|2030|445
5196032151585581|12|2031|664
5196032156725349|02|2028|640
5196032156383263|01|2030|464
5196032151692353|04|2034|706
5196032153195744|02|2028|745
5196032152328098|11|2033|592
5196032153262676|04|2033|349
5196032151183601|07|2027|903
5196032156677573|08|2033|329
5196032154362228|05|2035|661
5196032156682078|02|2026|344
5196032157533262|06|2027|182
5196032155020460|10|2027|461
5196032159895230|11|2026|486
5196032158943643|01|2029|225
5196032157064631|12|2031|249
5196032154637348|01|2035|664
5196032157928934|03|2033|766
5196032155180165|09|2035|174
5196032157117876|06|2033|394
5196032155158492|02|2034|219
5196032155941756|04|2035|854
5196032150724504|11|2033|586
5196032150646368|06|2030|563
5196032157241098|02|2034|103
5196032158558219|12|2028|776
5196032153799347|01|2026|885
5196032158718912|01|2027|795
5196032159349055|05|2026|571
5196032154473413|04|2033|638
5196032154717918|04|2026|745
5196032154970160|11|2034|218
5196032157383585|06|2026|764
5196032154655860|11|2030|954
5196032155616325|01|2033|120
5196032158398137|12|2026|586
5196032154887828|01|2026|210
5196032155625763|06|2033|166
5196032150130587|01|2030|488
5196032158830576|12|2033|731
5196032156155778|03|2031|857
5196032152511594|07|2033|769
5196032158949723|09|2026|414
5196032158810206|06|2027|962
5196032155266493|06|2032|142
5196032157145695|10|2035|800
5196032153144668|02|2034|870
5196032153458159|01|2035|284
5196032158216008|08|2030|363
5196032151146111|08|2028|193
5196032153322983|08|2028|411
5196032150636310|11|2033|496
5196032155043686|11|2034|566
5196032153369067|05|2026|401
5196032158532685|05|2030|323
5196032154140533|08|2028|907
5196032150583785|10|2032|210
5196032157938420|04|2032|524
5196032151037872|12|2029|622
5196032150248728|12|2027|769
5196032154444141|05|2028|157
5196032153886417|10|2028|606
5196032152387789|08|2027|686
5196032155851401|09|2027|493
5196032152691461|08|2028|640
5196032151119126|10|2027|803
5196032152233892|12|2026|537
5196032156298545|05|2031|612
5196032159041348|03|2033|133
5196032153144759|04|2027|309
5196032153817925|08|2030|915
5196032151940315|11|2033|838
5196032155619600|11|2031|309
5196032151964299|03|2035|687
5196032157468428|02|2028|143
5196032152052441|11|2029|474
5196032151285315|08|2033|511
5196032150155444|06|2026|736
5196032150582118|08|2030|797
5196032157955846|08|2035|611
5196032150180632|05|2029|191
5196032150374136|03|2026|354
5196032151182173|07|2032|452
5196032157702057|10|2032|259
5196032156349868|09|2029|893
5196032159547047|04|2033|944
5196032158248407|04|2026|657
5196032156954097|03|2027|452
5196032159040472|05|2027|536
5196032150212096|11|2032|852
5196032151946940|05|2028|923
5196032158649182|11|2034|579
5196032159460662|02|2033|339
5196032152924185|11|2030|755
============================================================

============================================================
📅 Time: 2026-02-23 01:06:23
👤 User ID: 1617374407
👤 Username: @Kepoloanjim
📋 Mode: clean
📊 Cards: 107
------------------------------------------------------------
5196032154783555|12|2032|563
5196032151269707|04|2030|172
5196032153800400|07|2035|258
5196032156087708|05|2026|429
5196032156354959|01|2034|455
5196032152848624|01|2034|423
5196032154543306|02|2032|829
5196032159720289|02|2034|292
5196032155918671|02|2031|570
5196032157294741|07|2026|863
5196032156362556|04|2035|420
5196032156795292|07|2030|746
5196032155551316|03|2030|554
5196032151024078|02|2027|596
5196032153542168|01|2032|504
5196032158467007|05|2033|553
5196032158858056|05|2026|565
5196032153491028|07|2030|303
5196032150508584|07|2033|200
5196032155338847|06|2028|863
5196032153164492|12|2027|749
5196032157967486|07|2032|235
5196032159220421|09|2033|935
5196032159708607|08|2028|753
5196032156992436|08|2030|804
5196032155146430|02|2034|195
5196032150448567|05|2032|761
5196032153170010|12|2034|157
5196032153794942|05|2029|374
5196032155138577|09|2028|269
5196032158789301|11|2027|206
5196032154410787|01|2034|742
5196032151028228|08|2029|726
5196032157691409|02|2029|487
5196032154736058|09|2026|335
5196032151200645|10|2035|908
5196032157374162|08|2026|562
5196032153072141|03|2034|775
5196032154533166|10|2027|862
5196032159579735|11|2027|718
5196032152369464|12|2032|188
5196032157547767|09|2030|261
5196032158445490|04|2033|463
5196032155924786|07|2032|358
5196032159250162|09|2033|720
5196032152844292|05|2028|974
5196032158297156|04|2032|632
5196032152108656|08|2033|679
5196032156350569|03|2031|633
5196032151927122|09|2028|194
5196032150364756|02|2033|254
5196032158037107|11|2028|840
5196032159620562|07|2032|923
5196032159688049|01|2026|469
5196032155204601|03|2032|862
5196032154803734|05|2028|354
5196032152603573|01|2026|521
5196032159180088|12|2030|554
5196032153316134|04|2026|503
5196032153183955|02|2032|407
5196032158376281|12|2029|837
5196032154540930|02|2031|483
5196032157116290|05|2035|729
5196032156432086|09|2026|626
5196032154088856|03|2032|775
5196032151522261|06|2034|417
5196032156079184|08|2032|992
5196032154561977|06|2033|837
5196032157328663|03|2031|565
5196032156984789|11|2029|689
5196032150622682|12|2035|469
5196032158264255|03|2030|291
5196032155201458|10|2034|890
5196032159328174|05|2033|534
5196032154688762|09|2033|818
5196032150205157|10|2033|160
5196032150369029|08|2035|811
5196032154257527|06|2030|524
5196032156665800|12|2031|626
5196032152666927|11|2032|891
5196032159588215|04|2032|271
5196032157111036|12|2034|765
5196032151329196|04|2031|690
5196032156725315|06|2034|485
5196032156420206|10|2034|803
5196032151135932|12|2030|935
5196032153459892|10|2027|258
5196032152135279|05|2029|981
5196032155791292|05|2032|112
5196032156057651|11|2030|131
5196032150730287|11|2030|610
5196032159905393|01|2031|420
5196032159783287|11|2032|240
5196032152114464|09|2033|479
5196032150366298|02|2028|799
5196032151548514|08|2032|701
5196032157853330|01|2027|212
5196032156850832|08|2029|217
5196032150432363|08|2027|798
5196032156683993|11|2033|123
5196032153480344|04|2027|298
5196032158119830|03|2031|474
5196032159463617|08|2027|516
5196032154596502|04|2027|181
5196032156300028|03|2026|320
5196032155171289|04|2026|969
5196032158234233|05|2030|599
============================================================

============================================================
📅 Time: 2026-02-23 12:21:18
👤 User ID: 6299808404
👤 Username: @Cypher099
📋 Mode: clean
📊 Cards: 4996
------------------------------------------------------------
4966383239758406|11|2028|508
5511911000358977|12|2027|998
5175459432551246|01|2026|400
5248234100407556|02|2026|656
5137758102513312|01|2026|636
4284300026087943|09|2030|245
5333175274047965|09|2029|729
5333171183241237|11|2027|837
4463342716926736|05|1932|736
4476350720927108|02|2026|550
4386429497355880|05|2026|348
5126871299998866|08|2026|462
5215092423680229|09|2029|851
4347362555076916|10|2029|605
4545075672194863|02|2028|715
4375790954490434|04|2029|642
4697321584079735|06|2026|525
4596231532592097|04|2028|920
4001913236052606|11|2027|944
5251817096537446|02|2030|695
4974148805979508|05|2026|169
5285178090117721|04|2029|535
4305340543509503|02|2028|736
4030518691767161|11|2029|784
4100390627051499|03|2026|104
5252415071493492|06|2028|698
4644781864628424|10|2027|084
4811915615342524|07|2027|699
4049110000931123|12|2027|857
4258804242314587|04|2027|566
4192008591470060|01|2026|265
4454715546267143|10|2029|057
5294158836744748|09|2026|540
4123792941765485|10|2028|646
5103236905731068|08|2026|558
5213071009734594|05|2027|137
5430132339625436|06|2027|540
4347697126307419|07|2030|147
4117719235743926|11|2026|565
5156768023593091|01|2026|879
4081679084913651|07|2030|633
5238254330047586|12|2027|109
4313603234607120|02|2026|376
4423195301598909|07|2026|388
5371102378676658|12|2028|389
4207670331603939|06|2030|645
4584805418264782|03|2026|920
5380500000733202|07|2026|106
4351737178217091|10|2030|894
5285460100685594|07|2029|230
5221264153499573|06|2030|011
5112360034218190|09|2028|514
4254807461220967|06|2026|479
5048321544442125|12|2028|570
6011014313780335|01|2026|392
4591157159239891|03|2029|780
5542657006533526|03|2027|496
4806431701902285|08|2028|171
4238343646504043|11|2030|393
5908835170163092|11|2026|172
4830116705410019|06|2026|883
5163792161573617|12|1934|796
4451335921410292|07|2027|163
4347696622705787|05|2029|750
5075729323537160|07|2028|633
4115368476449132|03|1932|130
4211566114398156|01|2026|068
5151188016347469|03|2027|981
5698363208904217|09|2026|345
5072424648890881|02|1935|893
4605161998408091|03|2030|501
4918474284434164|01|2026|901
4894403443758252|06|2026|623
5207377785535123|03|2026|392
4745812311377675|07|2026|167
4169161434450507|01|2029|447
4854989090795405|05|2027|037
5445796141512884|03|2028|374
4705895008310560|02|2030|360
4136835646348746|03|2029|512
4110520012622573|09|2028|464
5296186415788982|04|2026|908
4198341144726017|07|2030|365
4154644408637156|09|2026|699
4628890900101849|10|2028|054
5275286940519772|07|2028|857
4573697384797769|01|2027|416
5358148034413140|03|2029|312
4221089319307599|09|2028|443
5089623238182101|06|2029|971
5255670411158141|03|2026|731
4722820076334135|03|2030|003
4910875713300669|05|2029|090
5228960000336230|08|2027|803
5234730546079053|06|2026|631
4820690984106680|04|2030|349
4025529395273577|09|1934|362
5195357304814211|12|2027|552
5207110034907490|05|2027|621
5256103621293374|02|2029|690
4021152780355091|05|2026|171
4033319614018338|07|2030|486
4103428243100436|12|2026|558
4987781214963070|02|2030|759
5557244299551507|06|1935|153
4541209590795063|03|2027|940
4171601382135390|02|2028|239
4093310798893809|02|2028|328
5178006817871983|01|2026|319
5178059847399749|01|2026|840
4259456473916561|05|2028|638
4263706637117736|04|2027|569
5481170213933979|12|2026|731
5239390000761566|07|2026|705
4596919184856147|12|2028|826
5151719778767815|06|2028|483
4147202495023200|06|2026|007
5378335155435996|05|2028|844
4835518240452031|03|2027|613
4695109159779736|07|2028|169
4400660773264386|09|2027|034
4813641276200441|08|2026|736
4586764469031566|09|2026|468
4000320391900887|11|2026|372
5129220011802005|03|2027|241
4307548875674368|05|2028|672
4461573036478295|01|2026|449
4075353448227202|09|2028|748
5489035985623003|03|2030|532
4833160246010737|02|2030|310
4213581002719650|11|2029|738
4999779896612912|11|2026|221
5238250673740779|01|2029|047
4335321674607989|01|2026|494
5524333895203058|06|2030|525
4744722122367644|03|2028|588
5325710970219292|04|2029|082
5481741172562494|05|2028|295
4929136611647001|02|2029|093
4897103943618389|06|2028|214
4482330166711614|11|2027|321
5172790096307522|07|2028|504
6225767336360755|08|1931|458
4078474794672432|01|1935|562
4258810417164962|10|2025|751
5151855659815586|12|2029|525
5420730010397340|12|2028|495
5042327446907673|11|2027|050
5510293346831319|04|2030|854
4642636320606160|09|2026|816
4854749231800898|07|2029|268
4090925508057685|01|2030|787
4018033159805426|08|2030|388
4497899448459302|06|2026|064
5424450342838152|07|2027|212
5171071887230657|04|2027|766
4121757877287327|07|2029|573
4218311713061993|06|2028|999
5333171178740540|06|2028|559
5156767775393213|07|2028|185
5253120061118971|08|2027|149
4131382023882182|03|1933|266
4854746398000510|09|2027|796
4162026264115578|07|2026|874
5239267990394907|04|2029|106
4005356015397410|12|2027|167
4270825046036369|01|2029|463
5229140001271426|05|2029|659
5213720406321187|09|2028|643
4013473461957520|06|2030|125
5275150159227404|12|2029|427
5213331711706565|07|2030|605
4695268099566338|11|2030|988
4931580009627685|06|2028|917
4972089835363036|02|2026|119
5207110035058947|07|2027|969
4157832954362074|01|2029|544
5130290283072634|01|2026|808
5366402181711982|04|2028|714
5207110030106295|08|2027|192
4770370804742184|09|2029|891
4031495819685089|08|2028|399
5057875706375140|03|2027|662
5367148460673877|07|2026|377
5213331455834557|08|2029|913
4824983744440861|12|2029|184
4451008830578125|11|2027|406
5510460002664041|06|2026|263
5333171198559938|06|2028|678
4403550384254925|01|2029|382
4183419420665351|08|2026|382
5446202193106120|12|2026|460
5109820112604475|03|2027|762
5184543523986061|06|2027|953
5512575009355000|02|2028|376
5288474669808254|11|2028|204
4533046608003944|09|2028|533
4124896000096945|06|2027|895
5157163886265517|05|2030|832
4423469761563822|09|2030|621
4147202713745949|11|2029|237
4026210242986856|05|2030|596
4571490742857729|01|2028|533
4974027916070714|10|2027|936
4476723317680142|05|2027|598
4605071937624874|05|2030|018
5110540483690690|01|2026|934
4570150011124653|04|2028|250
4225818416117717|05|2028|902
5597370203960559|10|2029|260
5420222849213294|12|2027|013
6011004449328364|02|2026|719
4802138673368973|01|2026|384
4398061652747852|06|2029|512
4266841469144446|12|2028|647
5463166913354179|06|2026|756
4037660077525954|01|2027|744
5445372809324416|09|2026|093
4596917231668481|01|2028|270
4315828503557940|05|2030|363
6011009926284451|01|2026|382
4546280061787785|01|2029|623
4972910984197166|01|2026|974
4145120320313186|01|2028|032
4377660000163830|06|2026|003
5196204681126273|02|2029|082
5213331476084208|07|2028|822
5425503302317705|11|2028|203
5333171167654165|01|2028|703
5080251192028059|10|2029|501
5576526606109319|08|2027|693
4136398147392101|09|1931|739
5256103410720314|12|2030|126
4023773894655817|01|2029|180
5573770000073621|11|2026|261
4519932116613910|08|2026|673
4073575000234505|01|2029|699
4916099160650336|07|2027|229
5576618315101388|06|2029|398
5165294866232332|11|2030|166
4246315405657030|05|2029|998
5542653306862525|03|2026|941
5333171173561859|03|2028|437
5548376700500673|07|2026|598
4092316710648743|06|2029|317
5365104522857687|07|2027|453
5394942609234519|12|2028|819
4159367358585234|07|2026|518
4985033029149913|05|2029|408
5357550107154843|11|2028|786
4556206891674338|11|2029|615
5591201114692468|05|2029|268
5538902596641867|08|2027|913
5334260752322194|08|2027|955
4197626472309118|11|2028|732
4014178552466823|10|2026|193
4346788543194000|10|2030|468
5306917741533744|08|2028|358
5131850552027053|07|2030|347
4632252048275379|07|2028|643
5224407516106800|07|2030|103
5064006101639820|06|2026|026
4575535610780886|01|2028|894
4442603200786381|07|2026|658
4314569467023815|08|2030|376
4111370859423761|11|2026|362
5466160518545064|06|2028|671
5089334477549386|09|1931|364
4365582290515517|07|2030|890
4957937802785764|12|2026|334
5545051930901610|09|2027|547
5273338087197748|01|2030|064
5512580000360181|07|2026|230
4571681131014001|10|2027|158
4655734846176109|05|2028|914
5520198774782702|07|2029|568
4695148298748137|11|2029|467
4960780015811323|03|2027|826
5379751862068590|07|2029|034
4476741679813929|10|2030|116
5136197857842587|07|2026|723
5374706396966243|11|2026|919
5401871361993403|09|2026|799
5344176204321188|02|2026|974
5314511060442114|11|2027|908
4311551597089018|01|2027|816
5318388821447773|05|2028|800
4147090032526060|01|1931|749
5196032171040989|04|2028|045
5456244244334498|05|2028|169
5456080017448127|06|2026|108
5597670590046023|02|2026|349
5152120284136737|12|2028|262
4533148735564267|07|2026|986
4695258083922993|04|2029|424
5275211423196302|09|2026|456
5242042031133019|02|2027|007
4661601027957189|01|2026|249
5327197630210069|05|1932|307
4892239114273219|02|2027|151
4089447285771225|10|1933|581
4005379277292467|02|2027|887
4985823827464690|03|2030|496
4095890285569168|01|2028|783
5203738299513225|08|2028|037
4689801343540424|12|2028|959
4361271020175552|02|1933|232
4617533499418181|06|2027|262
4400664925560485|06|2029|886
5034892842420647|12|2027|014
5396890313009388|04|2030|326
4931177779363607|07|2030|714
4427567044413396|05|2030|661
5306917741536127|08|2028|759
5355969229773128|05|2028|100
4005360030505247|06|2027|105
4223245934245295|02|2028|443
4147097358814327|12|2026|375
5425504000858453|06|2026|699
4502412732992138|03|2027|558
4246311202907181|06|2027|401
5226619525870675|08|2028|733
5289447401697432|05|2030|742
4116947931858554|09|2026|660
4165462469096932|03|2030|281
4154644408638345|09|2026|354
5227014241498333|11|2027|498
4879133078007787|04|2026|575
5487215668529345|03|2026|006
4179030989342757|05|2026|698
5576336122494512|01|2029|826
4609851584511482|08|2027|531
4515587396017432|04|2026|368
4123565510182252|06|2030|272
4313565761607502|06|2027|047
4220618913193590|05|2027|550
4359838753261751|06|2026|442
5100053675475161|01|2026|293
5333173261735239|11|2030|800
4848100093669576|07|2029|830
5207110020862337|10|2027|943
5379704969189058|11|2027|021
4238994288482854|04|2026|872
4602883636408372|02|2029|304
4183485941236840|11|2027|364
5290740330633024|07|2028|161
5027327082371621|12|1931|320
5542932226714028|11|2027|439
5329546046843434|02|2026|805
4772894283434128|03|2028|823
4068660139632501|06|2028|057
4161893296383727|03|1933|309
4131960380534551|12|2027|442
4147090564066568|09|2026|617
5227408578860190|01|2030|307
4791679684930817|05|2029|022
5154620016141564|12|2027|165
4136922711389472|10|2026|544
4724090160557912|05|2028|886
5487236546678450|06|2028|400
4223301509875477|04|2029|710
5806458874897619|02|2026|141
5112710401248958|02|2028|195
5333171226424105|07|2029|738
4164696890262362|03|2026|300
4151866917272935|03|2030|751
4400666136996275|04|2028|899
4532117193000644|01|2028|425
5332050585132247|01|2026|725
4567357143003953|10|2029|938
5408871565751030|11|2028|748
5459656801181151|08|2027|374
4791679342844178|01|2030|049
5305626005709541|11|2027|553
5086840211158204|12|2028|875
5008199068412858|03|2026|414
5598880392889061|06|2030|193
4641603198227025|10|2030|896
5231202185210483|12|2029|798
4519932155976269|08|2029|925
5092759854897914|08|1933|768
4347697124878585|06|2030|165
4064199677926474|03|1931|674
5178058611176002|01|2026|704
4743068649541092|06|2027|710
6258142602285690|01|2030|973
4978743841407336|01|2026|033
5325128707364069|09|2028|372
5333171152823007|07|2027|626
5031174928125173|12|1933|681
4940659230179549|04|2029|408
4041375497882125|11|2026|099
4156982855364223|03|2026|963
5183751115620458|01|2026|530
5322215685060844|01|2026|738
5123494138575374|01|1935|710
5242676363843503|08|2029|700
5294899345592520|01|2026|555
4556834738699489|03|2029|373
4578994110406640|01|2028|151
5333171202204232|12|2028|072
4456531133447628|12|2026|158
5332678517875689|05|2029|348
5178059951205922|01|2026|484
5401225163075515|07|2030|387
4085652999686676|03|2030|418
5516261619324035|08|2030|380
5187251382848219|01|2026|505
5877035061792540|11|2030|489
5444001393770608|08|2027|662
5213093017190353|03|2029|417
4386799829141681|12|2027|294
4369076744580025|06|2026|949
4129843245151825|11|2028|306
4031987491530336|03|2027|245
4445684353290139|08|2027|791
5238151400122895|07|2027|267
5134661869298106|05|2029|022
5232560291399949|01|2028|094
4881399132927502|07|2029|156
5139861838379178|12|1931|520
4057116694746338|11|2030|729
5342271031758868|08|2028|537
4165980034168043|04|2027|298
4830633121182279|10|2029|728
4213818103301917|01|2027|112
4165984928277746|05|2027|114
4714738585901584|08|2027|385
4147094004206487|03|1932|138
5352590035534430|04|2026|023
4098481557426571|08|2028|522
5336696685071630|06|2029|167
4719727988439388|06|2027|423
4769148983506833|10|2027|777
4574310229600771|09|2030|175
4815163246327145|06|2027|349
4104901721607691|10|2028|385
4339172089312517|07|2027|108
5355748527214187|02|2026|646
4361200200626407|06|2030|021
5171487933689631|07|2026|823
4960780015819995|03|2027|812
4057341795912684|10|2026|575
5455680077925723|07|2026|821
5156005393088190|09|2028|385
4064196891932312|07|1934|834
4232238061252050|08|2030|476
4184978262867598|05|2029|333
4811760005327291|10|2027|386
4406470000340577|01|2026|348
4722009966092009|08|2026|199
5549713595034526|01|2030|034
4264065838558258|05|2027|388
4319397517104764|09|2028|544
5175461898566353|01|2029|893
4185555552805329|08|1931|421
4546384903975093|12|2026|952
4848881730537975|06|2026|463
4541837935515679|07|2028|707
5269563774132155|06|2029|744
5196032171147826|04|2028|124
4021700112302262|07|2029|139
4970437538391022|01|2026|179
5460894652121748|11|1934|238
5089734755174692|10|2027|680
4413600025548140|12|2028|698
4552293911879828|01|2026|299
4173287438949840|07|2029|161
4160475645343981|09|2030|232
4085421856976046|02|2027|694
4854805903846245|03|2029|421
4788396144245091|11|2027|041
4966230339460872|07|2028|722
4482330089767438|09|2028|918
4226209207062941|08|2026|173
4985032131005062|01|2028|054
4175030008892356|04|2029|402
6258142602248060|01|2030|678
5424181110863912|09|2026|930
5178059191589168|01|2026|955
5102507113718399|02|2030|735
5276398151165416|09|2028|268
4281056945059750|06|2026|503
4067161382000612|06|2029|500
4258384517949235|09|2026|528
4784076737698443|10|2029|318
5343990482460430|11|2028|078
5348577673633134|12|2028|000
5568628200709666|06|2027|465
5333694244090079|08|2026|220
4400667579809744|05|2027|364
4447011494011828|12|2029|851
5052977821917460|06|2026|596
4350553159287446|07|2027|410
4707206021960514|09|2027|164
5333772299743659|04|2030|477
5480425376499734|04|2029|231
5087372304855966|03|1933|215
5118290007498244|12|2026|728
4708587003076166|07|1932|616
4147524524799454|09|2030|035
4009551807407098|11|2030|458
4400661080436048|02|2029|886
4113931588571358|01|2028|419
4548625244956095|10|2028|204
5493919902621949|08|2029|070
5333173574413631|07|2030|946
4147090626127077|09|1933|036
5433797288679886|07|2027|428
4000222588432379|07|2026|417
5899886802673942|08|2030|945
4707245003392908|01|2026|435
4500040049525655|09|2026|219
4918500201697507|01|2026|441
5175458101268264|04|2026|984
4400666908795319|07|2029|553
5559178795639176|09|2027|052
4885300692488147|02|2026|136
4217832016280528|11|2029|575
4089889923840914|11|2030|070
4147091061574823|06|2027|550
4400669793834250|04|2027|427
5314684743117195|06|2026|655
5121079816943135|10|2028|425
5311024205806386|11|2029|279
5508830005862392|01|2028|934
4479170370597168|12|2026|139
5178059817843031|01|2026|080
4104254804936573|12|2026|538
5333171179373895|12|2027|336
5518277072465618|01|2027|905
5412672034689668|10|2027|838
4424510517252001|10|2029|091
4445173816927628|11|2030|178
4036391176076126|03|2028|046
5333171183692132|11|2027|016
5175451667417284|09|2028|799
4243665755769287|02|2027|080
5198360017018531|05|2028|882
5271172612599132|04|2030|119
4797659396207427|07|2028|914
4737918137734468|11|2030|614
5317609768997350|10|2027|456
4513188532176562|09|1931|872
4072703171601192|12|2028|738
5213331295856174|05|2028|753
4377727760099734|10|2029|096
5077712359265359|04|1933|917
5089797239689445|09|2028|968
5248865704033569|06|2027|705
4366177398457123|04|2028|912
4844262709827891|06|2029|973
4347692064772153|12|2030|893
5207110023173831|03|2027|497
6225763315314152|12|1932|890
4779808634723685|01|2027|841
4526857105995849|04|2029|239
5297730263316518|11|2029|378
4008337269702775|11|2026|616
4417129139000232|02|2026|705
4153849900047249|11|2027|834
4502239317158862|12|2026|396
4292266422848511|06|2026|205
4021700149044358|09|2029|472
4644678167081790|06|2027|576
4677440736942501|12|2027|240
4198173772519483|07|2026|989
4203462982849662|05|2030|279
5378019513848690|07|2028|224
5300341450203017|02|2026|750
4602038508100363|04|2026|094
4915605921894970|10|2028|205
4929949035405271|12|2028|844
5207110074662088|07|2027|079
5491070918122928|03|2026|585
4292361815409128|08|2026|111
5096652037342351|12|2026|243
5547182024781317|09|2029|781
4453795717587447|09|2028|271
4347697106671149|08|2028|348
4298190101884809|03|2030|638
4626705009080185|07|2029|098
4906513333858842|09|2027|664
4269765327122210|02|2026|840
4001901757630116|05|2027|374
4030356054453065|09|2027|780
5175172849889774|12|1935|080
5550140301906142|07|2030|047
4783096383185322|04|2030|268
5469840220104956|11|2029|421
4824284819743135|01|2030|331
5024721537741144|10|1932|350
5195744494847095|09|2028|716
4078717955168701|08|2026|406
4909513373593207|05|2026|461
5148138239794381|03|2026|932
5563201140010275|04|2028|804
4635756723045516|08|2027|445
4093196613185889|12|2028|821
4159780906875818|06|2028|227
5136216686934900|02|2026|783
4691989756085304|12|2030|254
4157275057943707|08|1933|016
4400668135035865|01|2026|958
5192030942674882|07|2028|672
4639131140927454|02|1934|330
5155747808053282|04|2029|941
4744845902520254|02|2028|467
4748323100375851|06|2026|822
4289616793244036|10|2026|297
5503546068028938|03|2026|800
5156006396300574|01|2029|232
5387699728729741|10|2028|329
4488950003071874|08|2027|588
4833120204585781|07|2030|658
4835773315916440|07|2030|251
5185198127140679|11|2030|550
4164028427832832|08|2026|819
5944255242009650|10|2026|897
4400430276023782|01|2026|674
5234466308259712|04|2026|771
5596419409096196|04|2029|266
5254757362775873|05|2027|139
5401918011272777|06|2029|870
5206368302354099|03|2028|807
5786847664230714|11|2026|906
5442541042375970|11|1931|964
5088554319940730|01|2028|884
4610460228611554|12|2029|543
5371764283337203|02|2030|903
5524375359227230|12|2028|693
5140920301388699|04|2028|571
4135675383410957|11|2028|257
5144017900299405|04|2026|005
5179647212860011|02|2028|656
5279317740641262|06|2028|094
5333175482227979|11|2029|621
5459584658641699|11|2027|792
5410103643156396|06|2027|656
4463342716990740|05|1932|452
4973559263714487|01|2026|990
5310498911487676|04|2026|851
5086867866823337|01|2028|154
3540934352901178|10|2028|414
4049235588714730|06|2028|985
4118715727348470|10|2028|971
5213331274456178|09|2027|877
4535980024376021|11|2027|825
4905196239064664|02|2029|962
5275285659278828|06|2029|614
4117744075609821|01|2026|853
4400663301767425|11|2027|463
4305351734558647|07|1932|214
4651412169567196|09|2027|664
5314452090522205|08|2028|601
4462929375283069|01|2026|900
5241827991585377|09|2027|549
4585458542443630|07|2026|487
4780774084799087|11|2027|941
5397681908861039|02|2026|209
5396890286641407|11|2028|390
4591860945248759|02|2027|398
5406092890422336|03|2026|467
5145523801598257|11|2028|291
5374346638218820|10|2026|320
5406094328458502|02|2027|704
5142466406026550|07|2026|531
5120036831635642|05|2028|631
5052186111507979|04|2030|891
4803128427585054|08|2026|961
4073490117598562|04|2026|816
4111198900748203|03|2026|392
4840849421332202|12|2029|875
4988502405395669|08|2027|206
4708385770129080|10|2030|981
4388540082108589|10|2026|288
5498102458515873|01|2026|890
5386473887483081|06|2027|010
5246893900070302|05|2027|516
4150141100032152|03|2030|989
5111312194811778|01|2029|622
4268070443362712|04|2030|486
4389647000678095|10|2026|584
4386759013551178|12|2028|582
5166930032986793|07|2027|191
5270660061533272|04|2026|077
4015052324629910|08|2027|797
4092309118210166|07|2026|867
5373350305490572|09|2026|448
4929424453260954|04|1932|561
4020694923551301|01|2030|367
5198806556755255|05|2027|280
5275299754142847|03|2028|051
4574310232583089|12|2030|671
4784487952087974|10|2027|733
5299507653433402|08|2030|222
4579740435700996|01|2030|997
4064196375615284|10|1934|594
4400430252980971|04|2027|024
5172892545079791|08|2030|335
6225788800957033|11|2026|349
5175461160644078|05|2030|949
4649085013966932|08|2026|547
4916265244463745|02|2026|759
4142409701543682|01|2027|194
4954422681516039|03|2030|696
4627050320235518|08|2027|807
4658596128401050|12|2026|777
5088451120886998|02|2030|668
4227084277490242|10|2026|377
4986016236184525|06|2026|122
4731576576767534|06|2027|222
4953848318790822|10|2027|343
4763327354506897|02|2028|383
4127655710201014|07|1932|248
5538538392767009|08|2027|860
4472270038861613|01|2029|814
5112000000048359|12|2026|737
4334296819350268|02|2027|300
5234350041029113|02|1931|774
5573529959366794|05|2026|665
4580981743860612|05|2028|318
4210681190622832|07|2029|268
5181817976842556|11|2026|892
5573577310197655|05|2029|114
4762725938696434|10|2029|898
4588943834999073|09|2030|965
4519922193417244|10|2029|988
5213897020356326|03|2026|037
5178059402471131|01|2026|198
4060955808599884|03|2028|188
5510761932960312|06|2026|652
4522210162828400|08|2028|620
4116576382853820|12|2030|476
4207670334682401|08|2030|799
4355029338170717|03|2026|587
4078424371834335|11|2029|171
5278451000521301|06|2028|746
5507952432583606|01|2026|552
4910007963250994|01|1931|299
4283322136021472|03|2029|705
5026931474439879|02|2030|576
4177490174776536|01|2026|621
4416443956526554|12|2027|448
4960780015815423|03|2027|782
4596345030442298|04|2030|029
4386263175561687|06|2029|281
4971644303500708|05|2027|296
5175335896262100|07|2026|515
5259364371802270|06|2026|231
4833120196071634|12|2029|676
4154177246037925|08|2026|178
4970287019906693|06|2026|809
4397000046077452|03|2030|886
4765751249893335|10|2027|042
5377721877031158|10|2026|197
4147202629240738|09|2028|003
5029289394097823|07|2028|527
5175469070780635|06|2029|290
5232525212466093|05|2030|321
4268072744044510|02|2027|770
4910897101372134|07|2027|273
4417128079969224|11|2027|332
4238329244390802|08|2027|343
4931932127582658|08|2027|993
5297574824382159|11|2027|046
4786592716347842|04|2027|785
4232107703009907|08|2029|245
5239265264809352|05|2027|364
4927748398638417|08|2028|935
4986347519822626|10|2026|259
5336489487235383|10|2030|883
4082540288289984|04|1934|581
4060490107248066|01|2027|722
5067415414400167|08|2026|965
4093981963789244|08|2029|488
4771181518184392|02|2030|188
5521154007529807|03|2026|161
5218760005523978|08|2029|364
5489133178854707|09|2027|353
5255625759707917|09|2027|547
5245257383809548|11|2027|779
4223504601464260|02|2028|271
5172790113067349|01|2030|857
4119993056219914|03|2029|291
4596959877928365|12|2027|257
4341552091066878|03|2030|731
4264238573350021|10|2026|092
4341845941377333|06|2029|386
5165926571489554|04|1934|469
5573655710750321|06|2027|607
4478022395781155|07|2030|386
4147342086403526|06|2026|507
5461960005065343|08|2029|993
4598316674526835|11|2026|852
5441956106736332|08|2026|178
4333900038480969|02|2028|355
6258142602702801|01|1933|773
5132341402446445|12|2027|849
4147202515617148|11|2026|2117
5473187079706547|11|2029|220
4707930546146248|07|2027|758
5059090350158168|03|2026|676
5151181308744469|12|2030|860
4111161128698741|06|2028|492
4250085403510670|04|2026|202
4012112026005265|12|1933|696
4723575273440403|09|2029|655
4425924527663454|09|2029|315
5462117443546249|06|2027|120
4544752042135047|07|2027|814
5464293080236036|11|2027|058
5485992284447282|06|2030|649
4311557219089989|01|2026|206
4791611878010817|03|2027|667
4519932116653510|08|2026|506
6226080030819293|07|1932|854
4590025401406090|09|2027|550
5524992001309032|02|2026|778
5287281469884562|03|2030|275
5317626782890114|04|2028|872
4940249485312449|08|2030|133
4700073899041232|09|2028|456
4400667735894978|11|2027|618
5285460064235584|04|2028|905
5460971556925430|06|2030|136
4195985349207224|02|2029|609
4060956474000462|06|2028|130
4836606610275584|11|2026|434
4500604666892456|05|2030|541
5514734001694282|10|2028|193
4427322719886553|03|2029|459
4750556119359045|06|2029|289
4833120196614482|12|2029|840
5339850345565682|01|2026|116
5323196978188188|01|2028|753
5140651803755420|05|2030|221
4585464207330096|08|2028|881
4938755315363364|01|2026|766
4388576141046345|01|2026|231
4147093500006334|12|1931|189
5283929030645185|05|2029|810
5250078029719830|10|2027|641
5159200055713428|03|2028|988
5278893821602390|09|2029|994
4450551902387348|10|2026|859
4427883244085151|04|2027|227
4076241088729109|02|2027|602
4400660534160790|01|2028|422
5511280800834839|03|2026|758
5492676222010838|06|2028|414
4085399643237254|09|2026|596
4679082836146175|06|2028|297
5868802634279771|08|2026|985
5554411109776870|08|2030|169
6227896858475127|02|2027|700
5009715298355200|10|2026|611
5463771394724509|02|2028|231
5175521640859859|09|2030|330
5524333687798224|09|2027|833
4400666823318163|03|2030|064
5131272200347181|10|2026|226
4240132423471583|06|2027|987
4690729685363245|04|2027|966
4593112671360384|11|2030|239
4580273115504402|03|2029|719
5456150012121621|02|2028|184
4561370037580354|03|2030|616
4089111600118732|08|2027|184
4617550041566929|06|2026|739
5122938255136346|10|1934|477
4612484631140306|06|2028|625
5438606614263197|05|2028|748
5500233327376506|09|2029|655
5401918011414858|04|2028|439
5333171171162288|06|2027|337
5433159991645060|12|2027|752
5414134875395630|05|2030|365
4445673587303115|01|2028|672
5427208170117074|05|2029|281
4283320192734038|03|1932|016
4042617653885379|12|2030|553
5487853807318467|05|2029|830
5428783392465971|05|2029|430
4169161460138943|08|2029|698
4635755425615527|11|2029|571
4319358035906247|03|2029|775
5573637139392406|12|2027|552
5348068709451956|09|2028|174
4386252211151413|03|2029|957
5087464669049648|07|2028|027
3564157040493066|06|2028|811
4278360041055414|08|2029|708
4784553621030198|08|2027|738
4318710561660906|09|2028|503
4834802112171635|04|2028|226
4362692745084689|12|2028|379
5454280012874572|09|2028|794
4147092786661705|03|1933|208
5396890328954438|12|2029|798
4465420574611232|05|2026|703
4604463599457761|04|2026|378
4403020438220983|05|2029|094
5492840383813881|02|2027|935
4712452336096437|10|2026|644
5222490487756037|01|2027|608
5434404560931452|09|2028|385
5559433940911651|08|2030|752
4988024905922413|12|2027|262
4159780906659808|06|2026|543
5403242432932010|03|2028|018
4147467066429314|02|2026|700
4314561150637787|01|2027|400
5447703562552199|03|2026|520
5166488692165737|07|2028|947
4169545341460007|03|2027|535
4630921000364791|01|2028|107
4187672037825901|06|2029|691
5458089710926915|05|2026|699
4816576821429672|05|2030|443
4585718288861182|10|2026|653
5457593690142840|06|2029|155
5425337418445195|12|2028|974
4430578320118745|01|2030|800
4508234757931393|03|2029|633
5349710025781645|02|2027|735
4195989067949082|06|2027|743
4719717716652881|11|2029|913
4436280000966352|09|2028|028
4018645582153544|12|2028|469
4492534478247625|09|2026|051
5368398767552683|08|2028|574
5725249679590840|09|2026|073
5053216659605676|04|2030|396
5234257173104582|03|2030|815
6258142602573954|08|2029|072
4156589504988136|02|1933|649
4472275203536932|12|2028|196
5146459835425002|06|2028|498
4430490076069314|12|2027|205
5264663235612772|10|2030|134
4395566427627257|09|2028|160
5345200480804110|12|2027|645
5572680001383781|01|2026|108
5511370010387445|09|2028|046
5559176146530359|01|2029|805
5780728507573690|12|2026|383
4099019477752160|06|2027|168
4224039984608927|08|2026|863
5361407090864827|01|2030|289
5382745432931357|07|2029|427
4535110339145768|04|2027|470
4108312548258328|05|2030|445
5424321381853370|11|2028|812
4412510013046299|05|2027|717
4366181261665689|09|2027|279
5058456919573158|11|2029|282
5213508294787142|10|2030|369
5207110092878153|07|2027|299
5113615593840844|01|2026|184
5452968718238728|11|2030|518
4412818922030522|01|2026|216
5187258885240778|09|2029|387
4582294275145826|03|2029|892
4134456646318548|11|2029|356
4659504201778302|12|2028|117
4147090203578783|11|2026|575
5480836111262437|02|2028|884
5366400776199373|10|2030|216
4008825337677607|05|2028|421
5754762706632363|12|2026|313
4337720011427787|01|2026|068
4910051305189759|09|2029|460
4713270600767833|07|2027|983
4553696689316543|04|2030|607
4568129597760977|10|2028|611
5178059786221953|11|2028|811
4546384865833033|07|2029|539
5173527899311098|04|2030|746
4400664037068104|01|2028|553
5193154900062838|12|2028|162
6011499456535069|01|2030|785
4086579750126056|12|2026|012
4778531954021727|09|2028|265
5256103730173301|08|2030|073
4463153338037178|08|2027|413
5228642460438363|01|2028|826
4544720240154821|07|2027|778
5178058833949236|07|2028|7361
5414336225930681|09|2029|775
4778949893294298|09|2026|805
4618074599168177|12|2030|225
4154644401408696|11|2030|384
4154914193181862|05|2029|069
4262905105706290|09|2028|313
4324654582593906|03|2030|582
5387233010174901|01|2026|784
4839890202821420|06|2029|187
5557246250236374|05|1934|502
5338530816579302|01|2026|152
4619942872671787|03|2030|734
4046270006022856|02|2027|616
4436280110904947|03|2028|882
4275494349734074|04|2027|622
4064190257232169|06|2027|624
4578265309025354|02|2026|260
4283322396006932|02|2028|786
4593118681928060|02|2027|845
4389788233500563|08|2030|145
5420730010932765|01|2030|542
5264718683458597|09|2029|885
5449277448321093|09|2028|657
4427558607549262|10|2029|281
4535060339570863|09|2028|238
4990427572159480|12|2026|774
4475227613274270|03|2030|897
5555480816767513|09|1933|658
5462669899325098|05|2026|095
5209018814377511|07|2026|440
4960780015819227|03|2027|381
4147342086408541|06|2026|988
4152991188779118|10|2028|978
4347690272253156|03|2030|749
4788930651267070|11|2029|908
4273807928190065|05|2028|655
5391640001917821|12|2026|142
5110670004904856|04|2029|348
4258817365987195|12|1931|152
4350281452550399|10|2026|239
4573161434327911|09|2029|390
5471090587247065|10|2030|996
4659427643647960|09|2030|545
4488163562952886|07|2030|423
4637958303519534|02|2029|479
4824650505697514|08|2030|394
4159187378757583|08|2029|097
4046011202970658|03|2026|801
4676212229182767|12|2026|765
5496864701641754|10|2027|072
4330845165190951|11|2026|025
4275495069468660|09|2027|547
5338660205086328|08|2030|787
5579100438912485|10|1931|478
4773497782310184|04|2027|150
5553890101074874|11|2030|518
4147095561674082|03|2028|867
4111370894172365|03|2027|254
4611260070018273|01|2026|254
4746650122532669|06|2027|314
5207110057560820|04|2027|337
5193051595022681|12|2026|629
4016743016273632|03|2029|963
4258384514582161|01|2027|461
5592330192681702|01|2030|973
5286184041842739|08|2028|213
4806663765821056|10|2028|676
5172966561381552|10|2030|873
4158268779878003|12|2030|105
4097452480102630|03|2029|322
5877510405329753|02|2026|164
4037661049747809|03|2026|634
4482330166717595|11|2027|996
4147342086400951|06|2026|213
4207670259415977|07|2026|428
4435877958186437|02|2026|234
5207110032079870|09|2027|255
5108050219063570|01|2026|773
4432648159916093|05|2029|432
4039300538354615|07|2029|500
4891330578205804|02|2026|660
5325125695531360|03|2030|002
4158736928137190|12|2027|704
5452388632339900|08|2026|949
4035942503833455|07|2027|509
4679948696551912|10|2028|396
5520491800840416|07|2026|568
4033630362332857|07|2029|004
4839504873483440|07|2026|874
4405400202317108|06|2027|302
5309320500271530|09|2026|829
4636702301442260|07|2027|013
5333174869303479|11|2029|499
5214420805655694|01|2027|704
4224224162161853|11|2027|108
4980118018233581|02|2029|825
4775405724453705|03|2030|687
4649950088776195|11|2028|333
4001938825983614|02|2030|965
5289460001851721|06|2028|254
4147534945216137|03|2026|243
4425058455003118|05|2028|621
5242042351677363|08|2026|798
4130273180356485|04|2030|379
4417341646323508|05|2026|359
4125552878065517|06|2028|413
4848101506761000|06|2030|098
4266841801627512|12|2028|326
4239089303803405|06|2027|570
4571979638427498|08|2027|493
5926382487147151|05|2026|162
4088814175021477|09|2028|178
4441111181355458|08|2029|147
4033453847605767|11|2026|039
4065126920628184|08|2027|927
5213331706032001|05|2027|766
4082453947963041|10|1934|246
5518277065527671|06|1932|184
4231435037029353|03|2027|712
5416994099328172|08|2026|618
4901733757676570|08|2029|337
5357550107774632|10|2027|093
5217648081929972|07|2030|084
4637095093790312|08|2028|905
4265928051521205|11|2030|473
4067509060817709|08|2027|369
4500033760488393|05|2026|098
4246310934597948|07|2028|930
4436280002780264|04|2027|298
5425261963363233|08|2028|111
5509169287585887|12|2029|131
5202883500041839|11|2028|208
4744724077900494|05|2030|458
4658658654846429|12|2027|420
4707930574545972|04|2028|182
4343993092512346|11|2030|373
4565257463538533|04|2026|536
4224726503854517|05|2027|023
4105944430770698|07|2026|216
4746650179553410|08|2026|642
4788399996489809|09|2026|894
5130230068535207|07|2026|033
5362680110482783|06|2029|951
5498061068224732|12|2029|802
4137434250597704|04|2027|828
5237079929044517|07|2029|044
5323171549095295|09|2026|439
5018658389436647|06|2029|962
4527551176610978|01|2030|761
4220459903137036|09|2029|095
5129515763149418|08|2030|173
4924966997470346|04|2027|338
5207110033222784|03|2027|166
4549240600669958|12|2030|095
5429824976481825|02|2029|011
5107978415900370|11|2027|387
4147769146828781|09|2027|514
4848650426107686|01|2030|145
4215607326384901|06|2030|085
5181883062631220|08|2030|288
4005689565573562|06|2029|437
4076619237457203|11|2030|037
5368659200198248|10|2026|064
4724090546376466|01|2026|283
4168228107330901|12|2028|633
3542340195791024|03|2027|218
5464537871027818|07|2029|875
4756801057910274|07|2028|337
4772924705742848|05|2029|311
5137765884865489|05|2026|149
4658592782004058|03|2026|541
5115446872638891|10|1935|787
5416124293206012|04|2026|392
4397718808878300|05|2027|373
5236460136109502|10|1932|301
5462839578540198|05|2027|107
4767719196219927|07|2027|020
5066694291752160|03|1935|780
5558320000867843|01|2027|491
5227512978999340|11|2030|211
4400669120785241|04|2027|006
5358253505717704|01|2026|780
4159660048905949|07|1931|569
5498813198522074|04|2030|908
4684987915652443|04|2028|319
5335948187688317|09|2027|186
4325178062812593|12|2026|190
4196496345207837|10|2029|711
4546498779665388|05|2028|965
5212677594007856|09|2028|921
5312576141438995|03|2026|976
5349961609436375|07|2029|553
4571673524538290|08|2028|610
5173521087867706|02|1931|902
5170824411018076|04|2028|728
5357550105654307|02|2029|583
5573516204626650|04|1932|891
4023601044242048|10|2029|214
4412350805573618|10|2026|228
5403247707998646|01|2027|769
5333171105890483|01|2026|240
5475111875009086|10|2029|483
4589091007262108|03|2027|247
5545931724215899|04|2029|276
4347697084521860|05|2029|345
4125197946349772|04|2030|275
5516749459226187|09|2030|873
4730639002443707|09|2026|398
4600750000732608|09|2029|264
4580279145793659|01|1931|936
4627102157618173|06|2026|862
4313070263752948|07|2028|991
4931720069186103|04|2030|511
4353037317223631|06|2028|150
4539778379214904|12|2028|186
4809665492334227|01|2028|238
4191978075043255|03|2028|011
4003449734871302|01|2026|114
4580276479690683|12|2030|211
4082438949256403|11|1933|228
5333171186348567|02|2028|926
4854607131778160|12|2028|206
4400660999548620|07|2027|886
4011842916221629|09|1935|094
4232231082317408|01|2026|140
4145315234752814|05|2026|339
4101007242674815|03|2026|723
4366162886718616|08|2029|873
4538699762546481|10|2026|244
4617655962707350|10|2029|922
5196032183266994|09|2028|467
4536990022852583|08|2027|262
5391572218311193|06|2028|694
5536918229752451|12|2028|670
4784875469247000|03|2030|832
5264749551348560|01|2030|098
4038080003354594|01|2026|037
4021700128067198|09|2029|884
4722784247865270|08|2026|936
5336069867747627|05|2029|608
4508031218863250|05|2026|188
4147092106202115|04|2030|785
4388205056164071|05|2028|196
4090569947416357|08|2030|963
5265572685033612|12|2027|584
4571798603732371|06|2030|301
4596959918993675|05|1931|301
4106210002012243|12|1931|000
4612167236160601|08|2029|051
5287239180527381|01|2029|341
4266841778052009|08|2028|885
4636359077298952|03|2028|779
4701308401162509|04|2030|221
5917194253354932|04|2026|594
4541123024248237|05|2028|155
4400662870133589|11|2027|553
4539927999627140|05|2028|574
4530915442547014|05|2027|122
5417440241593114|10|2029|456
4319327742397578|11|2026|268
6258142602210367|05|2028|951
4588321494450911|06|2029|392
5333174157894221|07|1931|402
4328089973607914|02|2028|438
5327190012240374|10|1938|543
5347746004124169|03|2026|637
5379931102445713|07|2028|701
4035824240573687|08|2030|150
4062151142009594|02|2026|603
5791396135723520|10|2026|028
5485425391774827|06|2026|504
5424322317830219|06|2030|116
4810670260317153|11|2027|140
4815879413274634|05|2027|294
5499011830409334|02|2027|884
4726436124216285|07|2030|340
4103994945766733|09|2029|678
4107930004869766|01|2026|730
5350410009474202|10|2028|664
4929432481886666|06|2026|310
4143970177661216|07|2027|010
4520341083770926|09|2026|110
4746460788589775|12|2030|451
5248861001722806|06|2028|747
5320309110102107|08|2029|657
4141700007673145|10|2027|592
5490036551410475|12|2028|556
5279526167591954|05|2029|533
5410116000620135|12|2029|098
5142300038941995|11|2026|812
4147342019265091|11|2029|253
5112011398148180|07|2029|726
5154620020894182|04|2026|732
4908366652444670|06|2026|881
4266841681442081|06|2026|878
5154620020018055|10|2029|618
4147202775010885|09|2030|800
4108465714210653|09|2030|634
4147202738432358|04|2030|712
5527009379960770|11|2026|657
4833160266662623|05|2028|432
5400580846820765|05|2029|676
5245593073514604|03|2027|417
4216631158482863|09|2027|555
5115942607570383|07|2028|556
4747539107883222|03|2027|603
5012520032939383|04|1932|867
4335816091160967|02|2028|669
5224804951544257|12|2030|315
4451751586351805|12|2027|917
4916875300699303|10|2026|335
4032219295399711|08|2027|597
5207110078058796|07|2027|209
4147342093754192|05|2028|255
4451005159563530|04|2027|865
5524920094600736|09|2028|314
5215012468142638|02|2028|438
5223038971735444|11|2026|126
5108891599959279|02|2026|854
5517370306305923|01|2029|138
4840627871963423|07|2028|891
5117721794191759|08|2030|323
4030570000148120|04|2027|599
4861616552921689|10|2029|024
4431070008456703|05|2028|695
4452793975204681|04|2027|647
4341696734534642|02|2030|255
5128548318323650|11|2027|384
5452393072999429|10|2028|012
4147342086402023|06|2026|946
4132698320157658|11|2026|682
5539799774943001|03|2030|680
4131915931321957|03|2026|886
5464111821949198|10|2026|187
4284216989133104|08|2030|990
5578503080046349|02|2027|051
4403932148135600|05|2026|714
4273606233038435|01|2027|654
4191383226911775|06|2026|270
4556776343455254|12|2028|645
4494355226959339|11|2029|845
5302320006575670|07|2029|096
5591846219767357|07|2027|463
4454152292017607|01|2030|666
4591563878614746|09|2030|588
5175461681299303|04|2028|039
4617811538173201|03|2029|188
3541041095431015|10|2030|451
4055674199106194|08|2030|293
4122110000893281|10|2026|017
4787037709229051|11|2026|773
4741742929580150|04|2026|866
4595902396868820|10|2026|846
4837915067935817|01|2026|276
5201160042372993|11|2027|372
2525255898848520|03|2027|382
5155513962602714|10|2028|676
5425503399874642|09|2030|297
5121077629055402|08|2029|530
4213550189944597|02|2030|493
4147202523108247|12|2026|464
5360597212839599|12|2028|162
4021700124381106|09|2029|327
4184970553329156|08|2029|356
4333268169314658|07|2026|899
5156305579904719|12|2028|722
5581585562268900|02|2026|061
4494490006360067|10|2026|202
4133310217176937|01|2026|689
5333171129787947|01|2026|791
4902133384257945|07|2026|683
4347690262760418|11|2028|748
5545869883951609|03|2027|526
4972277350834461|09|2029|690
5213331186721941|01|2028|510
4066495146381947|02|2029|112
5508311235399992|07|2029|659
4022286562515966|06|1932|667
4225951640069105|04|2026|024
5598880392889640|06|2030|273
5210690315920556|06|2027|450
4361035732027454|06|2029|109
5339769498042820|04|2030|322
4182988936172681|09|2027|464
5121866877280880|07|1931|548
4857342399108762|08|2029|743
4923819106010233|10|2026|404
5222323107900547|01|2029|468
4598459388669010|03|2028|647
4627263715426945|10|2026|118
4147202474546080|01|2026|517
4341902925341411|01|2029|203
4275495670397209|02|2030|746
4548353376195495|08|2027|232
4326293494516370|09|2028|297
5175465361334702|10|2027|084
4116153251086872|04|2030|677
4899784789312886|03|2029|068
4730049101907174|07|2029|892
5456081007029943|02|2027|667
5267311974165225|07|1932|670
4020696672240689|12|1932|059
5241400482380458|12|2026|015
4147342034189045|02|2030|408
5146160132178332|12|2026|172
4031630170052509|02|2029|619
5375280076104623|12|2028|394
4482617529945420|09|2028|716
4186966270220742|10|1931|111
5094216071730566|01|2029|324
5526764137601618|08|2030|463
5178982679072466|09|1934|171
5115580243722149|01|2026|047
4111462663425635|06|2028|234
5429767841647551|09|2026|412
5462088241135743|04|2028|675
5059970883742572|06|2028|660
5114070005512467|10|2028|833
4450848740149975|01|2030|707
5219778508795298|04|2029|171
5228026964392047|03|2030|371
5353685925040214|09|2026|260
4321497657040566|06|2029|418
4960780015817189|03|2027|272
5376417503508120|08|2026|751
4124893003809713|06|2027|762
4890925949598554|12|2029|730
5282328691403201|05|2027|866
5360756940887151|07|2030|471
5198933190083512|05|1934|827
5173524117822592|06|2027|234
4092816361963093|06|2030|067
4898184859547886|01|2028|559
4596957012872282|12|2027|765
4738661133524561|05|2030|270
4058972113706520|01|2027|961
4616760412130707|04|2029|441
4391342223661153|02|2029|343
4508233976990321|03|2027|328
5333497160340381|06|2027|381
4283392580394931|03|2028|621
5258044491613135|08|2029|147
4132853654692479|06|2026|728
4364754373894264|08|2026|345
5121072753782350|10|2028|929
4688403003723563|11|2026|211
4490592205414506|10|2029|570
5508662807666329|01|2030|975
4619949471342298|09|2028|869
5513849235249637|05|2030|164
5212679762201931|06|2029|474
5154620016593780|02|2030|066
5598880302542255|06|2030|240
4392743474960260|10|2027|273
5485997332962406|05|2030|310
5396890305690484|10|2030|890
5171489471097789|06|2026|939
5132887530246685|08|2028|656
5117244429478012|08|2027|635
4898890991614976|06|2030|615
5333171187636515|12|2027|857
5166093409296047|01|2029|453
5137924050825443|07|2028|965
5379751804374643|12|2029|670
4563546660457279|08|2026|450
5159420181191907|06|2028|912
4432834266202847|04|2029|592
4516026947303107|11|2030|626
5445895000265368|04|2029|033
5173523353983241|09|2029|978
4147180297961886|09|2026|871
4888182077078306|07|2028|497
5405738465677305|02|2029|137
5118797878107019|04|2027|587
4116372663195234|04|2026|987
4217036376248626|07|2028|078
5287100016323918|02|2027|325
5166483948835845|10|2026|447
5436345276698331|06|2028|796
5358680249976206|07|2027|686
5424181586288164|06|2028|319
5178006832982898|01|2026|344
5222231397929565|11|2027|376
5128240476870694|10|2029|839
4466455331047451|01|2030|344
4738086300111051|07|2028|206
5455100022729732|09|2026|662
4337978290605669|06|2030|939
5121069592445629|10|2028|493
4165981604473433|01|2029|058
4013239657306073|03|1932|371
5400294443086016|02|2028|234
4114849387308005|01|1932|836
5161200414879189|05|2027|739
5118790158992556|04|2027|690
4524115827284956|08|2026|179
4985031154163360|07|2028|361
4780091197934042|02|2028|555
5477670100378085|10|2029|029
4424100019024718|01|2026|330
5154620020669477|08|1932|886
4256379092345405|01|2026|510
4385339610910670|04|2029|237
4795328157173499|09|2029|257
4365228903377255|10|2026|140
5215035353811991|07|2026|479
5357503691825799|10|2027|785
4461180143897407|11|2026|201
5512575008759848|07|2027|064
4016044024310890|07|2028|116
4846146728578700|12|2030|494
4974503466603070|04|2026|529
5523653143772773|05|2029|809
5400580895436570|10|2028|232
5188680120306354|04|2027|006
4221600233612037|02|2026|661
4546172563825140|08|2027|812
4482975247303565|07|2030|914
5495321519596861|04|2027|102
5370442244503129|11|2028|099
4931730028239968|03|2026|969
4989084673408879|04|2027|958
5232569000664766|02|2028|085
4960780015814350|03|2027|020
4147331837471981|11|2029|204
6258142608007379|01|1933|458
5400634584925466|02|2027|019
4031630320342636|01|2029|465
5507627976650876|06|2030|611
4332500000138248|07|2028|220
4867961219722714|04|2027|551
5397680010401171|08|2027|517
4099790248722514|12|2029|022
4641120724306835|06|2027|225
5128888272578448|02|2026|083
5346968346511470|11|2028|808
5237924401273896|06|2028|218
4100390181532611|01|2026|115
4347697123492156|04|2030|088
5180310806388231|09|2027|503
4400663240990070|04|2029|732
5276007512087447|07|2027|446
4432929370284457|08|2027|799
5455941133827570|12|2026|634
5140462372154247|09|2028|385
5241990372902304|01|2026|721
4052998642882991|01|1935|481
4326103612556101|09|2027|927
4216890343944456|12|2029|457
5154621609582347|09|1931|536
4813693117472341|01|2030|807
4286245852895489|01|2027|609
4253000360864884|06|2027|652
5202910009185898|10|2026|629
5144200623604891|06|2028|780
5497116959594618|06|2026|818
4694200387980773|03|2026|695
4820105727875244|05|2030|806
5243527852505005|11|2026|483
4889981529941253|06|2027|973
5102751164330833|11|2026|664
4628890010037867|12|2026|031
4235378449402733|06|2029|638
5368295804784784|06|2028|522
4116698662740053|02|2027|402
4317935899554593|04|2030|251
5024238283327721|08|2027|575
4815163208121486|10|2027|798
4149499997630155|02|2027|059
4736222849375350|08|2030|826
4117730017349220|08|2029|260
4381082175743904|10|2026|606
4057848719531556|11|2029|647
5522572396739035|01|2027|277
4461706863214082|08|2026|314
5446024373959189|09|2028|485
4593176582092212|05|2027|769
4619942835611680|01|2030|579
4432644011187221|10|2026|802
4403584578600825|03|2028|195
5396890502314433|11|1933|736
5214930530740157|07|2030|939
4970407197375608|05|2029|356
4341446994341266|11|2027|347
5088392835035481|06|1933|669
4501978098274932|03|2030|754
4495476887859532|10|2030|799
4791700384089389|11|2027|246
5058842340739684|06|2028|179
4028780069132048|10|2028|928
4333096768912378|05|2028|339
4423463448014218|01|2028|068
4206059187730551|12|2027|453
4231260075075401|10|2030|267
4400669733243232|11|2029|997
5327258080804353|03|2027|507
5079505967190508|09|2026|605
4342564047290543|03|2028|307
4242017104738012|12|2027|885
5222734241280630|12|2027|887
5467751669838776|04|2030|967
5156769566316775|12|2029|283
4856711432246154|05|2030|193
5067225855329688|01|2028|630
6225767593077498|08|1932|600
4571425017521410|10|2028|345
5340732310908039|09|2026|543
4214524146129831|01|2028|375
4059243071127508|08|1933|504
5332180940660580|08|2028|905
5238253982907972|10|2030|432
4366189295999735|09|2027|466
5362508950778889|07|2028|512
5599005349851498|03|2029|963
5318588972613293|06|2030|093
4343577690326603|05|2026|970
3542706095411352|06|2026|712
4828120072516048|05|2029|369
4251993670213937|07|2026|399
4737034542866240|02|2027|378
4072210091065177|11|2028|037
5731922444862668|10|2028|258
5453078469346685|02|2029|074
4707930532031818|01|2026|763
5491225834309773|06|2026|186
5333171201132707|03|2029|919
4264292278945825|02|2026|154
4455979005393332|01|2027|317
4099960428029648|01|2030|209
5329546289985017|11|2029|477
5467754065018050|12|2029|442
4738671376101431|07|2030|222
4147096674412576|08|2029|744
5333174126564343|04|2030|235
5262270049144794|02|2027|402
5669077466979829|03|2029|215
5216977876983303|03|2030|472
5515343828825712|06|2030|742
4698854645289827|06|2030|574
5351160713745939|02|2029|666
4534363267475910|08|2027|035
4291175315731059|02|2028|689
5138715843506475|07|2028|338
4263706369030123|06|2026|553
4400662386320969|04|2027|883
5519592131859273|02|2030|990
5141012909160917|06|2026|580
4327164907194700|12|2030|722
4799698617748064|11|2030|089
4400665119091856|08|2030|145
5385109921171842|07|2026|814
4601861242619427|11|2026|837
4731393010031406|11|2027|010
5424181672065815|12|2028|926
4229190398936738|03|2029|260
5181550073629143|06|2026|684
4813644167886005|06|2028|667
4169161434458963|01|2029|134
4528939409582065|07|2030|919
4147202739500955|04|2030|396
5333171192922256|03|2028|554
6258142608006942|01|1933|144
5711620213808664|08|2028|057
5436984876309491|08|2026|326
4158696578297589|07|2029|378
4130216562813896|06|2030|198
5442714671173525|11|2027|819
4147202474753124|01|2026|743
4400661188569401|06|2029|484
5113171439489453|04|2027|568
5088736745162563|08|2026|501
5333171124795184|03|2026|639
4465421092532082|01|2026|707
4485920111072893|08|2026|293
4534517752024760|10|2028|036
5597580105788466|01|2026|250
5168404007000533|02|2029|284
4171601382137024|02|2028|504
4275338204294759|11|2030|060
4583009908056433|03|2027|907
5943068210463531|11|2026|496
4111190766236027|12|2030|906
4348014222905139|07|2028|302
5383997819374078|02|2026|268
4137574153338589|09|2029|909
4147097561580020|01|2026|550
4611260029146522|01|2026|742
5158578332007016|11|2027|020
5264980103519057|05|2028|676
5182240156869274|04|2026|776
4712604469386254|08|2026|923
4194746383000979|11|2027|337
4492090021530967|02|2028|428
4192525046271579|09|2029|363
5217212160798814|05|2028|897
5585876262922730|06|2029|858
4022453941219625|03|2028|629
4220723414688609|09|2029|022
5210695184541482|04|1933|250
4894316946977817|09|2029|858
4107930452183439|05|2026|931
6233552053484768|12|2027|965
5234656140317591|07|2028|363
5559171117845381|04|2029|841
4788795234412091|03|2026|769
4198228642015854|02|2026|985
4029397621115863|10|2028|542
4283322089415317|07|2026|250
5275510001025159|10|2028|882
5377395965982661|01|2030|334
4799150780530598|08|2030|919
4407453360435970|02|2026|507
4960780015816124|03|2027|287
4403933518292732|01|2026|969
4462325601717576|01|2028|764
5130214937926888|11|2028|666
4511193128310668|11|2026|430
4167212194869402|06|2030|366
4566479692352739|07|2026|171
5417718756204643|09|2030|348
4574876860041764|04|2029|390
4964056726810540|02|2026|632
5279624532236064|08|2029|789
4147344167778198|04|1931|923
4416494517958471|01|2029|452
4081882330448825|05|2026|341
5321042937256314|02|2028|693
5599111610656549|08|2030|621
5333175805222137|09|2030|376
4430450020675210|01|2028|966
4038124495800431|01|2026|414
4147632272918323|09|2027|958
4294138040138120|05|2026|925
5483599125702791|02|2028|893
4980761548323743|03|2030|042
4632050924915682|08|2028|453
6258142608009102|01|1933|965
4655902524571491|08|2028|949
5129914229471831|02|2027|449
4552250088048454|11|2030|803
5202070458919774|07|2026|775
4757030123926903|10|2028|642
4617974825846481|06|2029|628
5480451109651482|01|2029|099
4400666564954986|09|2029|336
4454091004589091|04|2027|257
5460150033069720|03|2029|275
4571543434807194|05|2028|328
5333171222393536|11|2029|843
4141700007340661|04|2027|627
4515316402379531|01|2029|742
4772915638077179|10|2030|030
5278457137818411|05|2029|001
4325980473843764|09|2026|948
5245167701184906|10|1931|612
5861941286316924|02|2029|995
5836990441450971|06|2027|129
4929102690028786|08|1932|355
5310429853307226|12|2029|289
5295809925603232|09|1932|689
4239549273103151|11|2026|288
4169161434450150|01|2029|354
4154824888887568|11|2030|229
4785983655879658|05|2027|054
5448915201339155|08|2027|648
5156767594953387|01|2026|599
5395950003789763|01|2027|800
4599013840818845|04|2030|930
4593119093351487|11|2027|849
4366183269376855|08|2030|062
5108505684127390|02|1932|960
6500821014457056|05|1932|350
4634053081445889|01|2029|858
4182233581113817|12|2026|764
4217836020264634|10|2027|263
5213331422884867|02|2030|672
4210065727310279|03|2030|479
5258498283939373|02|2027|740
4147092757681112|04|1932|750
5358151404264051|07|2027|456
5128760009032504|05|2028|201
5014874389383572|03|2029|976
4400660795914075|11|2027|442
4049321713111628|08|1932|634
5175469640842741|10|2030|644
5409631585028598|11|2026|996
5455008468730397|08|2024|649
4355600598618957|08|2029|551
4663113708085650|04|2030|220
5944428439723868|06|2026|622
5100855788897739|05|2028|251
4347691130269970|03|2030|942
4432732631148234|11|2028|901
5143290404162319|01|2030|311
4093128478925406|07|2028|191
6258142608008500|01|1933|164
4475227506975090|09|2030|679
5421824370766050|02|2026|771
5147796226600167|04|2027|936
4303302233558168|07|2028|543
5254118324169418|11|2027|015
4243396344078580|07|2030|028
4417124091931995|10|2027|317
5306917741539048|08|2028|374
5243806510283258|10|2028|801
4444005166925680|11|2029|537
4116155674485227|10|2026|232
4319401139925109|10|2029|911
4427893441352262|04|2027|240
4916742712615022|06|2027|798
4434068466816902|03|2030|408
5515445690743350|07|2026|287
4701213713668922|02|2030|235
5428870205415168|08|2029|436
4013042387687139|05|2026|583
4893960094386965|06|2028|493
4280444108845523|06|2030|589
4357024926364937|11|2030|220
5168499199156952|05|1931|011
4640054646031489|04|2026|602
5280939630883527|09|2026|969
4222408551689176|01|2028|023
4760934912675941|04|2029|928
5936307859280684|03|2026|093
4064199349617261|03|1935|162
5338704692774499|01|2029|591
4797119269224744|03|2027|656
5331919744974775|01|2028|950
4833120184534452|02|2029|105
5111361117666256|05|2026|021
5404920102612991|01|2026|096
4127202445604418|04|2026|409
4098997668468087|11|2026|073
4687076185348358|05|2030|997
4831205455241523|10|2026|885
4315822661182195|11|2027|587
5356662705295521|01|2026|212
5451360000143074|01|2026|786
5166318630570724|03|2030|283
4004120987094376|11|2030|481
4573318566821695|07|2026|069
4376528514106739|12|2029|208
4147093383035855|05|2027|054
5811499152972685|06|2027|643
4140453901401996|05|2030|141
4580270952874963|03|2028|965
4200321252941265|04|2027|170
4793490978414411|02|2029|075
5271582516089057|02|2028|317
5015541235954448|09|2028|171
4000223455252379|08|2029|377
5522895651025471|02|2028|694
4559061612417815|03|2026|440
4037661530561297|05|2027|125
4713279288438237|03|2026|285
4784559511392879|05|2029|642
4321006938817476|02|2030|790
5196032135018667|01|2026|991
5598880397217920|06|2027|559
5207110050145165|07|2027|375
4342561072735434|03|2029|391
4283322083905289|11|2026|652
5012741208231021|06|1934|799
4106210003828472|07|2028|469
4037922461423380|10|2030|859
4563770599478301|09|2030|024
5110592038089183|07|2026|931
5179177823082730|09|2030|314
4283322097422503|11|2027|625
5356661863940761|04|2030|857
4906148635938958|03|2029|049
4400164295796652|04|2029|599
4273605296025065|05|2028|448
5210699593953791|08|2026|185
5944083114941788|02|2026|969
5128677718214522|05|2030|874
5333172412813879|12|2029|064
4255897407877672|10|2030|888
5380032203167913|09|2029|251
4198707015835808|01|2026|269
5561122023965884|02|2029|006
4134667731252935|10|2026|613
5510290125732486|09|2028|515
4556336036797502|06|2027|146
4926495183248769|10|2028|626
4096284193378525|10|2029|405
4628889264507138|07|1935|229
5127590911712013|09|2029|620
5300342226036913|11|2028|117
4263438769808821|05|1931|714
4456410149236756|11|2030|196
5312600546852277|06|2027|149
4147181433326810|05|2027|731
4258815031107982|03|2029|934
4199447225858758|09|2029|556
5128991526678517|09|2028|054
4081303819054562|07|2028|267
5230813629581130|02|2027|986
4315587708268360|03|2029|981
4870230740007564|01|2026|456
4413600072797475|06|2029|788
5400013402760696|05|2027|464
4829317456017218|09|2029|076
4056323912588234|06|2028|387
5449280327377509|04|2029|936
4256020187362273|01|2026|300
5454280012873624|07|1932|621
5429331437833131|01|2026|490
5477360000093477|02|1934|123
5491862033399591|09|2030|948
4580477593053507|04|2028|785
4739542116435919|09|2026|449
4973019091528583|01|2026|636
4347691124959255|08|2029|261
5126473819010460|02|2026|396
4078642612748101|06|2029|178
4716390418300895|09|2028|414
5387349857108503|10|2030|632
4570150011081952|02|2027|938
5556618192535561|08|2026|313
4021731591464612|09|2026|003
5110175100576913|09|2026|278
4293209208903224|04|2030|653
5419618380008584|01|2026|620
4622636813712354|03|2026|533
5315765077661319|01|2029|779
5210160130854653|12|2029|105
5200905872990277|04|2029|571
5196032164035517|12|2027|676
4546253443209836|09|2030|881
4755307260187487|10|2026|151
4100400207951073|01|2026|033
4293132681905609|11|2026|112
5424643551955127|02|2028|128
4499379668375387|12|2028|331
5178058813239509|05|2026|277
4076433791300191|01|1934|704
5557246611602686|09|1932|542
4440349900058018|03|2030|414
4902465394695841|08|2028|736
5880001558689537|10|2026|569
4100390702035532|09|2029|474
4114860020120186|11|2028|424
5590490224494102|10|2028|210
4819597764210223|02|2026|034
4167904148302585|04|2030|716
4879170097572680|01|2026|197
5218532727735341|08|2030|624
4706966842428527|08|2030|341
4712208839183571|07|2026|489
4730040628196391|02|2030|589
4491141767638612|05|2029|979
5220940874080443|04|2028|873
5160375271188170|07|2026|850
5460150030526326|01|2026|289
4240940004065552|11|2028|886
4984042931382943|08|2029|312
4012114500659112|08|2027|189
5348576961334579|04|1931|000
5117873533384417|09|2030|509
4112011306304373|04|2029|172
4378990054216781|01|2026|331
5409789529332995|06|2027|502
5175451667469392|10|2028|856
4752787008752416|06|2029|744
4482330166719088|11|2027|515
4111370849721563|12|2026|419
4331221234758062|05|2027|333
4025969932881153|02|2030|999
4447962488414289|01|2026|418
5207110008214519|10|2027|997
4146554185864975|08|2029|081
5154620020896898|04|2026|127
5539060077568932|06|2027|876
4232028017120547|12|2030|085
5289429931383980|04|2029|167
4611994864949752|11|2030|014
4301402741025924|11|2026|638
5277523012080673|11|2027|607
5255904709308955|02|2030|233
4216141443040138|04|2030|482
4100400042334022|01|2026|540
5399820705106515|04|2029|002
4540638881998427|08|2028|985
3587510106872784|11|2029|430
4302700871466787|11|2028|701
5185184092549599|09|2027|009
5175451669099742|02|2030|846
5140758800093216|02|2029|384
4088814155703771|07|2026|586
4011880504192687|10|2027|309
5156769130493746|05|2029|885
5244814778942895|02|2028|125
5392800958414185|11|2029|692
5154191697268324|11|1934|077
4237662515156655|02|2026|742
5181480389294277|02|2026|727
4199504853007478|01|2027|996
4714450466580830|10|2030|516
4941600779522490|03|2027|246
4352736645284311|05|2028|186
4466356528817948|10|2030|120
5110060009871146|11|2028|4227
4121240997596760|04|2030|415
5350671693567706|06|2030|048
5260409201446140|04|2028|377
5279807013605333|05|2026|967
4840620667215140|01|2027|763
4663113760656380|08|2028|129
5253030020773313|11|2027|186
5263970669843349|09|2026|019
5073523312193578|05|2027|327
4940170011386568|03|2029|525
4400660157022970|11|2029|770
5175548314363132|12|2027|508
5459584670204443|06|2029|748
4546384869520172|11|2029|756
5188680133291015|04|2029|818
4357877694523913|07|2026|557
4576628539701205|04|2029|918
4207670320268868|10|2029|085
5208256600531773|08|2029|912
5150340103142474|06|2026|760
4615892041342345|11|2026|463
5935546551916084|11|2026|551
4274067646303974|06|2029|088
4201756952630396|04|2027|094
4336274344853427|09|2028|730
5333171161940834|07|2027|695
4154955326658144|06|2028|613
5149592835038610|08|2030|652
4266841669103242|01|2026|382
5213331290700039|03|2027|691
4724090770225728|03|2028|135
4124893003436798|03|2029|950
4280900658587419|11|2027|802
5367810988115034|04|2029|483
4579740130320975|12|2027|809
4234656628260787|04|2026|949
4654798457378248|02|2030|567
4906935307894067|09|2030|966
4503466022240003|06|2030|813
4466454875289876|05|2027|096
5105555361370295|12|2026|632
4784319968267474|06|2030|673
6258142602577401|06|1935|468
4659228687661895|01|2028|778
4680056644027659|01|2027|684
5513700000157804|08|2026|194
4364781093544978|11|2028|945
4729346767635146|06|2026|775
5549190085056998|12|2030|820
4400660565749222|08|2027|004
4176542810481276|09|2030|455
4118235118585440|02|2027|251
5356664850860653|08|2030|121
4337471378641772|11|2027|272
4482970000799141|11|2027|289
5224472463957266|10|2028|106
4534198356960434|09|2030|801
4892277450090276|04|2026|601
4152678643695241|07|2026|253
4366880087363102|07|2027|858
5188561046235663|09|2028|006
4147788773021833|04|2026|859
4543528414729703|02|2026|678
5629892081678690|11|2026|534
5521154008908000|05|2028|041
4313892600151322|01|2030|547
5333499461254931|03|2030|823
4062558529485298|05|2027|075
4084168841118314|06|1932|042
4147400471760700|07|2030|886
4869161418020345|04|2029|600
5361101575967953|04|2030|462
4031630320919276|09|2029|426
5275014092590627|07|2030|026
4770679996276029|08|2027|359
4044532920384510|02|1932|853
4081674907351890|09|2029|460
4908791547404870|03|2028|810
4147096700826468|08|1934|306
4149097018792200|06|2027|884
4817760167686785|03|2030|785
5193850233527641|06|2028|204
4906504108286467|09|2029|979
5220367928605670|06|2030|104
5318260036595995|11|2027|027
5156006953981568|06|1931|511
4763327022673780|07|2028|134
4232231139431087|01|2026|446
4208020080828924|03|2027|020
4278457577669285|01|2027|362
4388576189063459|09|2029|449
4018172020914189|04|2028|590
4652870001210441|09|2027|574
5175451667970456|03|2029|005
5156768763709667|01|1932|276
4272894429999286|10|2029|653
4117748511817690|03|2026|181
5144412029740712|09|2028|3505
5303378626071446|05|2029|608
5524332263751557|12|2028|799
4833160314037125|08|2030|396
4649487257781797|03|2029|465
5213331186759156|01|2030|638
4232230213427003|06|2027|721
4211301947905864|04|2026|357
4632202131852204|05|2029|271
5154620020894893|04|2026|274
4338676011078286|07|2026|998
5578836138711781|10|2026|207
4628886532410798|05|1935|487
4449298574328895|07|2030|541
5366705977576389|09|2027|019
4693494037906574|12|2026|984
5188919125387195|10|2028|436
4137208904017404|08|2029|693
5397730060522986|01|2028|805
4063967692683879|01|2028|922
5285460013173456|11|2029|217
5195744002818547|11|1935|466
4871910826382689|10|2026|358
3540283413401111|10|2027|708
4060549761529283|06|2027|077
4365585258732875|04|2028|472
4779867062780880|01|2028|830
5370001246722291|04|2026|197
4222675999926556|10|2027|660
6258142608007684|01|1933|785
4088802563185525|11|2029|369
4599842026696041|03|2027|522
5451648563256394|05|2029|682
4220920421445185|11|2028|719
4192530091731907|02|1933|227
4635759966109387|07|2028|176
4658904847027323|05|2029|478
4916708051110677|07|2026|168
5280938172432529|01|2029|397
5477670010049545|03|2029|948
5424322445912350|06|2026|692
5488312719136912|01|2029|363
4136966940312268|08|2029|294
4164524264750749|12|2030|705
4149602048876319|08|2026|721
5223887235520822|03|2028|480
4151279092693034|10|2029|645
4011887926797811|02|2026|344
4147096348856307|02|1931|300
4532979090364575|07|2027|047
4086564185381963|04|2029|732
5118225317720804|04|2028|134
5521148616674350|05|2028|928
4503636063721083|05|2028|715
4147096017515887|12|2027|970
4171071016494185|11|2027|481
4862080000587874|04|2029|782
4854808448395280|10|2027|754
5285460005779203|01|2028|014
4319357091849689|07|2027|499
4144461504713804|09|2027|953
4500444983452829|06|2026|758
5110170100492625|11|2026|005
4106287467601397|08|2029|411
5165561442627999|03|2029|856
4705381383893512|10|2028|861
4806484500059930|08|2027|481
6214830745014612|12|1934|839
4361960587054321|11|2028|029
4900774756947282|06|2030|766
4396536120714701|12|2030|146
5269290107382618|12|2027|619
5250367586314691|04|2029|287
5538710707701573|02|2029|573
4018155423164544|09|2029|645
4979347159606361|05|2029|025
4252000501638826|12|2029|190
5429662877539147|09|2030|936
4966646522205438|02|2029|138
5356668054884997|04|2030|955
4188188105152572|05|2027|173
4922944370067320|11|2027|025
4118230086684762|01|2026|626
4052106610058814|03|2027|333
5221099608600247|06|2026|393
4409067653260529|08|2027|399
4482672088651752|11|2028|113
4689026053400680|11|2026|412
5286105189410831|08|2028|242
5111533244228602|12|1934|531
4296238683319546|09|2026|355
5047578913979950|01|2026|644
5176987022878321|09|1933|358
4147342086550318|07|2027|695
4037661081583914|01|2026|361
5437583317625371|06|2029|980
4272585515488164|10|2028|849
4134631718370177|03|2026|655
4183686424576673|09|2029|793
4580361009741295|07|2028|532
4741096411140373|06|2028|211
5286895141483591|03|2030|176
5579100438864546|03|2029|885
5253031538548304|10|2027|565
5340705499011213|05|2027|706
5307060101311325|01|2026|314
5439304703932703|07|2030|575
5524333895118298|06|2030|449
4244561391342630|12|2026|710
4283320737677353|10|2030|072
3564781966006378|08|2028|820
4506445961745757|09|2029|834
4072928183058137|01|2029|109
4447962341002677|01|2026|860
4190082942760802|05|2026|846
4356819574407776|07|2029|648
5173523340138511|12|2028|644
4758107328085393|10|2028|018
4463342716958291|05|1932|490
5486256122377997|07|2030|133
5579217150596021|10|2030|840
5139610187514392|10|2027|904
5424436165425383|04|2027|980
4706287637385792|09|2026|260
5286895967080323|03|2028|844
5213331709629845|08|2026|149
4940249292182928|08|2027|135
5859264747047978|11|2026|031
4091468002109966|12|2026|576
6258142608002768|01|1933|400
4587665195585719|06|2026|279
4037039875826122|08|2030|498
5333499426884145|06|2029|501
4584627401282682|08|2027|743
5437922531909908|03|2030|348
5348709272090271|02|2028|111
4607317227649610|06|2027|417
4031984738424357|02|2026|877
4474643394858837|01|2028|842
4748821105669368|11|2029|103
5087375801385742|08|2029|479
5178057567571620|01|2026|678
4347697105606310|09|2030|963
4571160961122820|07|2029|043
5154620022419913|08|2028|756
5059985857891445|09|2026|071
4452562199452248|07|2030|206
4403368366376727|06|2027|280
5598880359259852|08|2028|291
4905474995226771|12|2028|997
4656635535140885|06|2026|009
4791430009819453|02|2028|783
4096851163708368|05|2027|429
4524199717446008|06|2029|876
4232230212747492|01|2026|986
5257899757699040|10|2029|793
6011004759960814|01|2026|101
4599302063160211|06|2026|020
4138737478856978|08|2027|159
5333172277389437|12|2029|675
5175548396466423|02|2027|075
4780443277134094|07|2027|746
5223234414403449|06|2030|751
4745812311377626|07|2026|900
5381037253520688|06|2026|546
4534688416542677|05|2029|804
4474339002090828|10|2028|958
5553159979384157|02|2026|520
5524754007628835|12|2026|581
5315612876464653|05|2029|703
5275150042816561|03|2028|742
4580275376461644|01|1931|256
5356711486916043|03|2027|970
4447962698283599|01|2026|190
4519932146790035|02|2029|203
4773950002717919|09|1931|285
5349449083120152|09|2028|045
4035680246278154|06|2028|943
4000223151763687|07|2028|470
4974134406060955|04|2026|565
4264188378530857|11|2029|384
4842052815472985|10|2026|642
4809163966384381|01|2027|358
4266841826125591|06|2029|382
5475114020615971|03|2029|322
4782002080363700|09|2030|477
5195066190889373|05|2028|737
4169945056197077|04|2026|154
4386955589144592|12|2030|895
5312581324744300|10|2026|055
4611260086039495|01|2026|725
4326800702098999|10|2027|865
5312570023933686|04|2028|980
5275286932351127|08|2028|194
4737029175491613|07|2027|821
5157080632383602|09|2026|814
5332480491073419|10|2030|804
5339850324828143|01|2026|768
4771730296284616|02|2029|482
4221229226314888|04|2028|628
5332678518809679|07|2030|117
5376922045986791|10|2026|181
4174659364284229|10|1933|414
5129324244469374|12|2029|299
5290954148080779|07|2028|188
4389720101180913|11|2028|237
4177161684960361|01|2028|876
4573840000090124|01|2027|123
4011193403165055|01|2027|352
5620832711480884|12|2026|480
4224836299395334|01|2030|004
5223184053920387|04|2029|357
4160467116022210|06|2026|731
5209627568701591|01|2029|490
4074901422633851|10|2026|443
4430410016001201|01|2027|874
6545321629936716|02|2027|220
4331657174607977|10|2030|336
4593119662077380|09|1931|856
5328393935818123|08|2026|324
5386657179739768|08|2026|360
4145322887963391|05|2030|886
4147090780760408|03|2030|759
4088460752766348|07|2028|268
4266841634456485|01|2026|898
5518277073656835|04|2026|175
6258142608004335|01|1933|835
5497863845282862|04|2026|367
5175461897824373|05|2028|155
4105316448147351|11|2027|054
4155418932169302|05|1934|931
4021700145562965|10|2030|017
4046571014940504|03|2028|008
5207110091457876|08|2027|041
4146934070199077|01|2029|513
6225781837012344|11|2028|194
4062636073746933|10|2026|063
4686567469431077|08|2026|614
5333174658415658|02|2030|673
4580947720411018|06|2026|139
5264374050325728|05|2029|446
4828673849172065|10|1933|983
4833120203460192|06|2030|137
5468797040076551|10|2028|908
4580273721227554|04|2028|386
5098827918935915|09|2026|298
5160882752057915|06|2026|732
5593421978904894|05|2028|422
5257129459701070|02|2026|598
4596485306684809|08|2029|245
4347691127792562|09|2029|1636
4827227982583157|04|2026|128
5299304511430162|03|2027|805
4514030007051483|09|2028|309
5196513017397634|03|1932|078
4596951888889678|11|2029|184
4693080245500752|09|2026|836
4571963537740631|08|2028|091
4591926551429288|12|2026|314
5461960009139540|09|2029|487
5379658454175974|04|2026|173
5083338467997444|05|2026|895
5241589550874960|04|2027|670
4903693006230223|11|2028|335
4273803182697713|11|2030|379
4964182976823155|11|2026|918
4319357052284645|01|2028|740
5333171153667387|09|2027|395
4416497510032285|09|1931|511
3540939102321056|05|2027|637
4512950201113163|02|2029|332
5253621672587512|11|2029|149
5159594365919612|11|2030|209
5380865208713649|04|1934|447
5211839785529368|01|2026|687
6258142602299113|01|2030|924
5210699289639209|12|2030|287
4037032016898282|05|2029|763
4761585736144743|06|2030|571
4833120086433662|12|2026|787
4546356171142192|10|2030|667
5108685710261635|08|2026|652
5418091555619042|04|2030|662
5379148138739643|10|2027|855
5518277072726548|09|2027|868
5118320000192559|01|2029|949
4348537008058299|05|2028|498
5264110099115351|07|2027|641
4899003334122546|03|2026|660
4655234362894599|05|2027|425
4013676301403071|11|2028|286
4399921296200973|01|2028|499
4019240110913343|01|2026|153
4352742411496832|02|2029|883
4591606571138297|02|2027|708
4088819135825263|10|2027|744
4724090938403118|08|2029|607
4239530051356492|01|2026|029
4259892130161581|11|2029|701
5333171237712597|09|2030|203
4292402680518682|12|2028|348
4363200545297938|07|2026|511
4037660067081000|01|2026|245
4421359837240806|06|2029|991
4904335993648731|01|2028|896
4569335525206343|12|2029|124
5403410006802154|05|2026|988
5057397920698454|12|1933|597
5518313883297047|12|2026|316
4784554564914273|12|1931|372
4966230850057511|02|2027|362
4462551114056604|03|2029|306
4970407178008723|06|2026|641
4659504965132449|06|2030|068
5175461783509138|07|2030|921
5287407830144135|07|2029|729
5175469433070310|09|2029|362
5232453000099564|03|2029|563
5424328768956304|04|1931|721
5128719486751614|02|1935|205
4108810169846115|11|1933|646
4585459539124662|08|2028|780
4628880001869600|03|2027|907
4640182119300832|12|2027|915
5144200628189245|08|2026|549
4909092480706812|11|2026|244
5184373191865508|06|2028|128
4578285067769647|09|2030|523
5478525029750757|05|2029|409
4748773717685912|07|2026|956
5143296252247334|02|2026|259
5485776365273182|05|2029|055
4627268900976026|12|1932|247
4985569698274581|06|2026|302
4867966913908493|03|2028|919
5357580006517964|12|2028|873
4107930004807121|05|2026|453
5116660121949177|07|1932|988
5401683112752107|06|2027|041
4157509788761222|10|2030|849
5518277021524127|05|2030|414
4904560001340621|11|2027|214
5312079642852285|05|2027|419
4972782249005454|10|2026|442
4999169745431435|03|2026|608
4156454022816246|09|1933|625
4025819258016134|05|2026|907
4361208006295558|01|2029|221
4451029925113123|04|2028|184
5433159991648072|12|2027|615
5333173301710846|05|2030|134
5389890409449455|04|2029|360
4047831688222475|08|2027|570
4216860115244658|01|2028|748
5358760380850541|01|2026|528
4741743652596918|03|2026|128
5590492041506522|06|2027|279
3581000257972886|11|2026|206
4839507384923986|08|2030|995
5581585890792514|10|2027|738
4641331922749789|05|2028|551
4625667014356862|09|2026|536
4919871270870831|09|2029|733
5025522747825654|04|2026|846
5390594815992366|08|2029|771
5317807946588766|08|2028|807
4436280000161426|09|2028|266
5482621925373838|03|2029|356
5123333694331782|06|2028|871
4960780015814178|03|2027|869
4198464691022828|11|2026|669
5400583074606955|12|2029|057
4018499589021977|09|2030|879
4142783603507684|08|2029|393
4100390426036311|01|2026|451
4803121868923173|02|2027|739
6258142608007585|01|1933|291
4669080286852039|08|2028|419
4017954176660828|01|2026|805
5059382269300191|03|1934|206
4113433224117993|08|1934|126
5415766548526825|02|2026|561
5154620020892467|04|2026|238
4166057658027059|08|2026|037
4685052142419931|12|2029|228
4013699989657750|11|2029|557
5295463913511351|11|2027|586
5579100148217225|01|2026|219
5309002822601301|02|2030|086
4294610013313302|09|2026|894
5375260183090501|03|2027|650
4520010113521548|02|2026|602
4145842178192806|12|1934|478
4155682000097279|08|2027|674
5299424356083189|05|2026|758
5093915044293815|03|2028|932
4105055650358955|09|2026|637
5884639615248908|11|2026|279
4990113019094858|10|2027|027
4108810063197854|02|2028|168
5425395002837912|12|2028|715
5147506018501949|01|2028|610
4693437023350984|06|2029|288
4168139782029769|11|2030|077
5143651936638110|08|2026|251
4522798607889326|01|2026|189
4784555830387129|10|2029|266
5322545882799723|01|2026|491
4185506009214995|05|2029|895
5545223184941556|10|2028|863
4388576151545582|02|2027|803
5253010750372791|08|2028|864
4147092713244088|07|2026|539
4239039762936246|07|2028|634
4929864974315292|02|2030|022
5569500105663869|04|2028|791
4482617526218367|09|2027|654
4260483758666395|06|2027|752
4003447542422177|03|2028|561
4011986712766012|07|1933|978
4598566513618652|07|2028|655
4576352539500521|08|2029|158
5547182024777208|09|2029|687
4347692055124695|05|2029|270
4243937613476136|04|2028|932
4347692042681708|10|2026|244
5106398410374201|11|2030|053
4003447762759746|05|2029|204
4239530080149512|04|2026|713
4554458008389688|01|2028|185
5510255819575350|09|2026|464
4281007950213584|12|2028|932
5257831200757364|06|2027|978
4181815703382329|03|2030|871
4147090337418120|07|2028|344
4905081800486852|11|2026|144
4023600910217225|07|2026|295
4596440370730368|08|2026|331
3587303534250959|11|1932|231
5446122753028268|02|2028|844
5272526037299991|11|2027|894
5418111400220810|02|2027|036
5112260010885402|01|2027|864
4567196191538076|06|2029|115
4616661914488595|01|2027|078
4364584419315010|01|2028|052
5174346085330310|06|2027|959
4011887926790055|02|2026|653
4587708670205013|05|2030|017
4232171340582254|08|2029|664
4670132019259219|03|2027|455
4750500096358646|08|2030|676
4400668787634510|11|2027|504
5779881319119708|09|2029|884
5152391085558318|10|2030|941
5445446916174235|01|2026|257
5058465481308919|11|2027|467
4466162739123849|02|1931|569
5333171185245285|12|2027|937
5590490220157380|10|2028|056
5159425976005592|05|2026|715
5090618644144221|08|2028|825
4276825352921125|11|2026|231
4728677690763287|01|2029|743
5132342825745306|07|2030|458
4535060201381886|09|2029|151
4561449309274241|09|2027|733
4093196604612180|03|2028|229
5443228035537688|09|2027|085
5401918011756266|08|2030|921
5276900010934245|10|2026|325
4251159000490120|10|2026|031
4786429563562399|08|2029|594
5192252984002299|06|1934|084
5200571194237696|05|2030|275
4744782734492594|06|2029|224
4464706667994555|01|2027|309
4552870221019169|04|2026|559
5899769322424220|01|2027|400
4888390103775585|01|2028|698
4837790098278333|09|2030|990
4744723768398604|07|2026|164
4093634534273558|12|2026|209
4724090999026808|04|2030|971
4864500380398798|05|2027|318
4918500688456682|01|2027|152
4506440297890906|02|2030|918
5414966675592936|05|2026|030
4283322112859812|08|2028|262
4904596439080959|11|2029|629
4973559344304225|01|2027|775
4075744440256308|06|2027|611
4898507988419892|02|2027|901
4048259970230890|02|2030|874
4722005214617878|09|2026|278
4984043521587081|11|2030|892
4171073088091972|03|2027|437
4514587407431623|03|2028|229
4833574857845191|03|2026|402
4211019076660221|11|2027|044
4033394553669581|02|2029|988
4337484678440696|12|2029|106
4571194625289485|07|2029|147
5465014331333979|02|2029|620
5182237778514734|05|2027|402
4016133521874670|07|2030|653
4761206806754408|01|2026|104
4641128904241136|08|2026|564
4593113360462143|10|1931|640
5238934910276198|03|2027|602
4737024061166478|06|2027|575
4060955930688514|06|2028|928
5491863852140769|12|2026|683
6258142608006694|01|1933|231
5207377714234517|08|1934|425
5173523340132944|12|2028|630
4011887926799874|02|2026|564
5396890308761001|09|2030|024
4028075800960546|07|2029|613
4417123007958902|06|2029|012
5112710153021363|10|2028|474
4045944160654602|03|2028|352
4143270029000642|01|2028|507
4322654165481224|01|2026|635
4513073016575085|05|2028|306
5168156958773795|11|2028|513
5263543950444794|04|2030|770
5165490525925403|07|2030|899
5568628200749621|05|2028|650
5298119232538387|04|2027|868
4781373966227728|06|2026|538
4591863103207104|08|2027|361
4537049129867710|06|2026|062
5524332765784650|12|2028|915
5172266687772069|02|2027|699
4347697105607201|09|2030|913
4588947551602786|12|2026|240
4027474522803319|03|1934|216
5333173967707946|04|2030|445
6258143049229648|10|1934|076
4981985745902079|04|2026|138
4798410022198062|01|2026|227
4382890003953506|10|2029|799
4805169502347356|09|2028|301
5207110022124090|05|2027|308
4427195042565999|12|2026|493
5147930611187395|08|2028|121
5178058158715824|01|2026|743
5254820407442667|08|2030|019
5591201123317743|04|2026|467
5497079506923575|12|2030|184
5595976099117948|07|2029|211
4617620103436061|04|2027|866
4397000046637321|03|2030|886
5144969453668495|05|2030|584
6258142608002396|01|1933|845
4067327767632705|12|1932|456
5218921010714305|06|2029|288
4137010006922311|05|2027|610
4005360031304442|03|2027|187
4479012871846514|12|2030|570
5378033707747055|11|2030|395
4031630815063325|07|2030|622
4137200022260438|10|2029|378
5765295113727218|12|2026|175
5673871576700081|04|2026|620
4154238036610915|09|2028|256
4417121239155545|09|2027|166
5306917019395677|09|2027|458
4024684285817701|01|2029|303
4002567678454412|10|2026|160
5992660453489023|03|2026|060
5524586170496917|11|2028|954
4557281019592075|11|2028|911
4575542079354492|10|2030|158
5382205950472532|12|2027|922
5269456943359207|07|2027|173
4599540093228348|09|2026|958
5173523340136929|12|2028|190
5226621397175530|11|2030|406
4093153418740053|04|2030|863
4635755797442732|05|1931|613
4025541228788960|10|1932|955
4966801874120962|04|2028|386
4036060382038697|11|2028|579
4019240158463938|04|2028|473
4336942143607646|04|2030|377
5113904522582069|01|2027|777
4003901020772586|01|2027|228
4232986474829464|06|2029|432
4541028905992185|10|2029|870
5040203927210493|01|2026|489
5287250514441090|08|2030|891
4642562784718202|12|2029|110
4292268001146002|10|2028|126
5569269138484657|11|2026|575
4797165176251932|06|2027|237
5580901522685300|03|2028|746
5154620016166207|12|2027|585
4482330069164275|03|2028|493
4487744210287972|04|2028|408
5145572153559904|07|2027|606
5424181491170432|01|2026|372
4065280856681806|07|2027|342
4986711126491408|05|2026|155
4231558091751172|09|2029|938
6224792557858213|09|2027|197
5508140007365216|08|2027|459
4816755583239988|02|2027|909
5419312594041082|04|2030|951
4404266338588164|06|2027|095
4147098143622843|09|2026|675
4545453974350048|04|2030|958
4254183816556749|01|2026|211
4482126997969839|04|2029|095
4654601913577868|08|2030|622
5029114762909922|12|1935|328
4347697129196215|11|2030|995
5169465658625232|03|2026|254
5489016933661949|12|2026|270
5175461032055230|09|2030|144
5299300712769986|01|2027|864
5461749857420494|06|2028|382
4356858263697339|07|2026|459
4264980416466148|11|2028|616
4209995796690735|09|1935|365
4242010627810038|08|2027|553
4534501473857500|06|2026|448
4192387401998456|05|2028|851
5163729979654304|04|2026|355
4168830016865131|10|2026|731
4079955429850251|04|1935|062
5175461651462618|09|2026|436
5272832499033062|12|2030|196
4524710006450004|12|2027|533
4283322108343680|06|2028|444
5518277061411748|11|2030|510
4272496889644541|11|2027|931
5026851679935499|03|2026|835
4589091007238249|03|2027|453
5209899790128345|11|2030|932
4714458805987616|06|2030|038
5280610006152488|08|2027|070
4243414625198918|05|2026|845
4047422816881935|05|2028|683
5189410051014598|07|2027|543
4421494049576117|06|2030|602
4574316125690865|08|2026|315
5554210706822073|10|2027|621
4412817350933496|01|2026|216
5041381205966850|12|1935|208
4854478600481383|06|1931|913
5181850614744702|10|2028|549
4010432010421795|09|2026|224
4266841756290605|03|2028|650
4390930036568663|04|2027|114
5219912514871351|05|2029|998
4538673224886959|04|2030|540
4108032473940969|02|2029|943
4569330164220051|03|2029|066
4100904729031660|07|2029|416
5547182022285824|02|2030|925
4403238867612161|07|2029|730
4100390659852392|08|2027|908
4839505497713252|05|2027|354
5581585890795673|10|2027|967
5178058619172870|12|2027|952
4833120196558200|12|2029|768
5248861001835566|01|2028|877
5178058010451337|05|2029|135
4154644405931008|11|2030|434
4744847545488782|09|2028|469
4363202617951012|07|2029|201
5173525392566358|07|2030|614
5312571535687307|01|2027|844
4039486680439559|07|2026|550
5444602211331844|08|2030|110
4326511400948639|02|2025|911
5256103415594912|02|2026|463
5175461630086249|06|2028|908
5277825215580783|05|2026|288
5425503003425484|02|2027|617
4842810530727615|08|2028|687
5625537351444232|12|2026|602
4707582233050579|08|2026|630
5400580884227618|03|2027|616
4447962674717032|01|2026|627
5284035848992220|11|2027|360
4030155779606290|12|2027|099
4069050123353554|02|2030|195
5266111463326655|03|2026|515
4266841876376870|05|2030|714
4704557551909120|03|2028|203
5141826832336710|06|2030|121
5189891575639079|04|2029|757
5406530005726562|10|2028|467
5425859121551688|09|2028|217
4552560299440633|04|2027|538
4147094376654538|05|2027|881
5243120020034486|11|2027|323
4814520035594568|01|2026|057
4719652593369194|08|2026|382
4170402079892992|09|2028|485
4071317064322914|09|2030|772
5112080003689821|09|2026|602
4263480657117147|09|2029|392
4120617911249652|10|2028|713
4339671229496619|04|2028|291
5515388850463387|11|2028|772
4314060501780891|09|2027|543
6258142608002248|01|1933|650
5127601389176787|11|2029|045
4164695801938698|02|2028|878
4117890208737458|10|2026|818
4037840567966914|07|2027|805
5227517065145731|12|2027|646
5154620020898654|04|2026|080
4772890753008533|04|2027|470
5221337674648082|02|2027|274
4789679505589960|09|2026|956
5497388056100223|02|2030|905
5364100784028372|01|2027|679
5410600004184784|10|2027|144
5579083015619063|01|2026|054
4000348105750686|06|2026|758
4824653547707259|12|2027|814
4787446528164987|10|2026|435
4784557751648042|05|2029|668
5107349053894590|12|2028|247
4771247530659289|07|2028|987
4156757929839156|06|2028|870
6243710194892491|10|1931|497
5308995757729172|08|2026|512
4636205394148380|10|2027|341
5157812444708000|04|2026|612
4862947949296272|11|2027|340
5253030004299814|05|2029|009
5145953088610303|10|1935|339
4011887926794040|02|2026|500
4892695667847289|12|2030|877
4447358647698971|08|2029|001
5396890251545484|06|2029|343
4018678104803031|10|2028|367
4574315285939898|03|2029|397
4766649223667494|04|2026|604
4170056698657929|11|2027|291
5247840174711227|12|2030|350
5275510001594592|02|2029|984
4744880139936742|03|2028|708
4154644401404356|11|2030|993
5173523340134346|12|2028|793
4388203366974479|01|2026|980
4352835914241760|12|2027|255
4428417101420281|11|2026|327
5249359779066729|04|2029|040
5297792195911733|01|2028|078
5230670031822076|09|2027|144
4075354481213562|02|2027|030
4111774995399449|11|2030|876
4430428689334626|03|2027|868
4297173833394900|07|2028|277
4951933164115498|01|2028|201
4274059156278084|08|2026|891
5333171133074845|11|2026|499
5409476979824297|05|2027|223
5579100438593426|01|1931|303
4609622591047178|05|2030|255
5362680110408580|06|2029|901
5196039160679461|11|2026|615
5227015731342386|08|2027|571
4596216759285848|05|2029|208
5244250002603427|10|2028|447
4377660101883070|01|2028|668
5500603932812634|03|2029|566
4929105322621597|07|1932|255
5261880088690944|06|2028|345
5457567722119604|01|2026|674
4361271035512971|11|1931|768
5296074704178836|04|2028|772
4428167440357807|05|2026|448
4859998059305986|06|2026|310
4346334211706724|06|2026|337
4220921330409023|09|2028|200
5175548314562378|09|2027|021
4444587672937382|01|2026|889
5430131503682306|06|2026|275
5333171147216879|07|2027|307
4403932581150728|01|2026|527
5403470021834467|02|2028|966
4147342086401835|06|2026|106
4266841511210781|01|2026|325
5153077384318970|01|2026|655
4183353889694554|06|1931|723
4356408726791509|07|2026|916
5493073075593228|03|2026|611
4985978271845891|07|2030|189
4315037519013415|10|2027|913
4003448850935925|07|2029|486
4156863773825893|09|1934|233
4038752464553142|04|2029|523
5268353538144212|02|2026|785
4600050226419498|02|2027|968
5686056970355899|07|2026|413
4546424349343678|07|2028|931
4389590110116137|01|2026|524
4481130813215311|06|2026|731
4797111454066980|04|2027|648
5510290102658019|07|2027|586
4762154365886097|12|2027|307
5366181129316282|05|2029|222
5060461260607205|09|2030|566
5355845292460704|08|2030|949
4712471186246264|01|2026|303
4498671338944969|05|2030|406
5193238344088655|02|2028|919
4152990002894384|06|2026|019
5579209147088238|01|2026|911
4708015522190730|10|2028|271
5187252269313822|08|2030|562
4168624590944101|04|2028|885
5089338999958835|01|1931|705
5229346870955805|08|2028|288
4580599157046658|08|2030|554
4646193435903369|10|2027|303
4258811431273136|06|2026|039
5447847903240491|10|2026|965
5176906305252079|06|2029|815
5461261546005504|04|2028|066
4238576248672904|04|2026|507
5239450336050363|12|2028|567
5107970028687635|01|2030|244
4346779702334388|11|2028|972
4049646727005196|10|2028|887
4461039373409814|04|2026|273
4341692098247020|08|2030|036
5189410104728723|02|2026|157
5332970924681085|04|2027|209
4658377160016746|12|2027|101
4737033033231971|03|2026|888
3541801771921013|02|1932|437
4159690997932131|09|2028|023
5346165926143515|02|2030|634
5348628242872057|08|2026|824
5085669708144315|10|2028|563
4013471208601963|10|2028|395
4560453528684298|12|2026|193
4423174122508512|10|2026|191
4940114905576900|01|2026|484
4111145076738500|06|2029|805
5175461450731767|04|2029|799
4250329832468310|03|2028|019
5143773583331664|01|2026|043
4371378711316656|11|2026|944
4278378704290201|04|2030|658
5333171229740788|06|2029|461
4579738701331058|05|1931|359
5168599134988037|09|2028|373
4017847653539673|09|2029|480
4837913815699090|04|2026|078
5085660247402256|08|2029|909
5246130618093205|10|2029|448
4368885357649872|07|2027|287
4862959001289889|06|2026|816
4312316013850032|01|2030|000
4346326585939824|12|2026|556
4352662000040090|01|2026|605
4388576184806290|06|2029|453
5258090833911349|02|2028|179
5339852244489386|05|2030|652
5269290089977211|09|2026|145
4816748310971726|02|1933|556
4635756406603193|05|2030|166
5510290027694537|03|2027|772
4506445907049470|07|2029|775
4342564062186261|12|2027|925
4124892107116983|02|2027|836
4060490114978648|07|2028|445
4179479287522034|05|2029|296
4524710060133140|12|2028|422
4960780015813519|03|2027|659
4835513971969972|03|2027|375
4855515071072180|08|2030|252
5260408233937225|11|2029|652
5156768115443478|08|1931|546
6011014738906259|01|2026|201
5175467155543548|03|2030|073
4111377218936540|07|2027|396
5270672120701485|02|2030|806
4179030011429754|06|2026|278
4751181922807939|02|2028|007
4107176580103168|03|2026|685
4724090889092639|05|2028|117
5149515689247243|03|2028|328
5129633457805888|08|1934|929
4649889654141238|06|2029|948
4168440006038101|03|2026|343
6011012017804021|01|2026|275
5318496513829321|04|2030|593
4459520188723360|12|2027|219
5144412028312927|10|2026|518
4534719803746819|04|2029|045
4821249484553716|06|2026|979
4724090934424993|11|2028|664
4269372003124147|01|2026|277
4689774728471954|12|2028|841
4011196652289989|06|2027|550
4662292446672929|09|2026|209
4839772425713255|01|2027|014
5333171156855419|04|2027|104
4168795872688093|02|2027|173
4243566466207171|03|2026|662
4324383950052788|04|2027|466
5398903297459186|03|2028|149
4612365029153862|08|2029|513
4321982973464418|10|2026|664
5588656564879870|01|2028|723
4258814684971315|09|2027|998
5335270015994332|07|2026|183
4147202537075630|04|2027|682
5466654306238742|11|2026|952
5447992336724495|02|2029|387
4802136587482864|04|2029|243
5147518046693341|06|2027|882
4062153867710778|04|2030|221
5258434425436002|11|2027|168
5302181143831081|11|2027|140
5277723507982249|12|2028|050
5404044989456743|08|2028|643
4535114965567865|11|2026|428
5222220002787898|04|2026|492
4412814246274052|01|2026|216
5248866003861239|09|2027|455
4017046139023606|12|2028|845
5357550100393604|01|2029|850
4342564056369964|02|2028|732
5552440293464540|08|2030|737
4064417711102542|07|2027|354
6011014362878956|01|2026|877
4287633076898240|05|2030|565
4057488714416139|08|2029|112
5394978172265506|02|2027|219
5417071877831351|03|2026|435
4314563203024328|02|2030|797
4273309050024675|08|2027|133
5207110025492304|04|2027|266
4482330166713263|11|2027|165
5123084010703952|11|2026|966
5294217241716178|08|2026|925
4147091317154255|04|2026|772
5536658037737381|01|2029|003
4797341409688717|01|2026|111
4216040021193758|02|2029|296
4235609220101239|07|2028|711
5396895518362003|04|2026|009
4575965339383474|10|2027|324
5201491040974716|09|2028|749
5461960005367764|05|2028|293
4482330166710293|11|2027|907
5459584667857534|02|2029|175
4154644406354796|02|2030|890
5144412029421750|02|2027|529
4143590236969523|10|2027|605
4528426982529408|02|2027|711
4017954182187758|01|2026|957
5388341340428860|08|2029|931
5196032165817905|01|2028|283
5239063494780281|06|2026|301
5543209784556730|10|2026|572
4147340242764195|09|2027|474
4694519248966774|02|2030|767
5406055802975535|02|2028|038
5158598363598287|04|2028|026
4342562487800573|11|2027|618
4929429654419929|03|2027|956
5575874868803844|05|2027|351
5333171144420375|11|2026|472
4162574597191501|08|2027|827
5277697318876255|07|2027|677
4758243338966973|03|2026|171
5175451775477600|01|2029|359
5189621356215587|03|2026|190
5423694210295117|08|2027|004
5194631802535457|07|2027|111
5168547115782838|12|1932|157
5263660040307755|02|2028|711
4302511755202507|07|2026|612
4315581233792622|08|2028|097
4040291627418253|10|2027|807
5547182012540634|09|2029|593
4580274037575215|02|2029|934
4595802311335576|06|2026|744
5390832262886958|09|2029|993
4245027062734710|10|2026|271
5200178862819159|02|2027|672
5229220000284933|11|2027|699
5189540167619839|09|2029|797
5420061006690211|10|2026|294
4810019025979479|11|2028|674
4534979889487510|03|2029|398
4693080245953928|10|2029|634
4943405404381165|01|2026|377
4174208987836286|12|2027|419
4071709173842529|04|1931|825
4891672394832943|12|2027|657
4686562647353798|10|2026|079
5581960038662350|11|2026|701
4147146018642998|04|2027|055
5356667897941444|01|2026|179
5284559136919470|09|2029|168
4211024519820101|12|2026|863
4530815105296315|08|2030|532
5339228509121305|03|2030|663
4833120195130878|11|2029|830
4091470000223245|07|2028|637
5409789591330661|06|2027|672
5400648091613563|08|2026|065
4020755838358163|01|2029|522
5304943524833368|06|2026|287
4122562262039260|10|2029|882
4929155942110836|04|2026|860
4111370657923418|03|1932|469
5965792129282939|08|2026|650
4319350434988389|03|2028|761
6258142608002784|01|1933|008
5181586368693907|10|2028|404
4078795665882035|10|2028|284
5453053298920430|07|2026|250
5235318448371171|09|2028|698
5570430839704069|09|2030|804
5088537432087075|01|2026|460
5468115097797351|05|2030|651
5210690385316016|04|2028|792
5150300113094131|01|2029|537
5141471113552865|01|2027|789
5673091972864056|05|2030|010
4803200435110389|01|2028|247
4871042886718857|02|2029|050
5475111875002040|10|2029|425
4537038400765016|05|2027|073
4074489873639841|08|2030|913
4758330025662690|12|2027|869
5175536184560713|12|2027|012
4042250578125208|02|2028|836
5356660597608678|10|2029|471
4400968346803311|10|2027|222
5188283396099918|10|2026|683
4432135440631889|05|2029|428
4472270006816078|09|2028|952
5213331478096721|04|2028|352
5175451775463899|01|2029|2121
4604156827862030|09|2027|212
4147202590630248|02|2028|853
5210136563181459|01|2026|720
4400668936921321|06|2028|008
4194552405851609|11|2029|155
4147093321267552|10|1932|585
4201757071259646|12|2030|297
5218700648130468|01|2026|367
5387298526226222|05|2026|303
4108810021168633|04|2027|382
4309831510868183|04|2030|782
4579145172443406|06|2030|827
4328625074559031|08|2026|815
4708530749112432|09|2028|209
5347740800001614|01|2026|579
4481388292608717|03|2030|193
4112493737567564|12|2027|601
4214369442182195|01|2030|276
4173274024939823|05|2026|960
4057713001101445|06|2026|735
4784765184548875|05|2029|387
5434406915955920|06|2029|282
4539372601228195|12|2028|620
4232231134253189|01|2026|858
4148135325272705|07|2026|940
4270960002549327|03|2026|548
4347692062623150|03|2030|841
5121073680771573|01|2028|227
5568627684339644|04|2029|485
4060425576507451|09|2029|704
5110660044714548|09|2027|935
5056021884811439|08|2026|989
5568628200706878|06|2027|652
5355743561070348|02|2027|129
4283322132100726|02|2029|919
5263031161846155|07|2030|564
4199292122278571|12|2026|042
4436280111742429|11|2028|040
4596489812250352|06|2028|759
4622630017660790|01|2027|998
4561449346819461|06|2027|441
4203464406401716|01|2027|536
5281670682229983|11|2030|967
5122672124531110|06|2029|291
4196484431214842|07|1933|561
4854746472303061|10|2026|794
5206654291545130|08|2026|309
4304210429174733|12|2028|196
4152210729848823|02|2030|189
5110060008540916|10|2027|692
5236410094195043|02|2027|151
5357500956079591|02|2027|663
4481110309972039|01|2030|992
4506440211378434|06|2030|602
4986444186745717|06|2030|439
5384430275796906|11|2030|833
5247838464018055|03|2026|552
4635750639831911|09|2027|266
4319350165203388|07|2027|161
4283322106175407|05|2028|694
4066168805538137|03|1933|952
4170931333032433|04|2026|278
5333171192306179|03|2028|791
5421958635759821|02|2027|749
4685040230358202|11|2029|085
5256672633353715|08|2030|209
5248861027470364|07|2029|764
5343480372845155|01|2026|061
5251435919686033|01|2028|068
4132478046134814|08|1934|401
5258096236202590|05|2030|955
4002310172590922|03|2029|562
4596455530019825|11|2026|488
4364487664028025|07|2029|644
4539669016643342|10|2028|433
4019496654460931|03|1932|935
5277135171890436|04|2028|494
4784553012516946|12|2030|989
5396486119010827|12|2026|737
4622462754506600|09|2029|000
5514617381294262|09|2028|593
5155540021258030|07|2029|488
5550001630064302|12|2026|796
5270670647031436|10|2026|545
5470927887051898|02|2028|225
4147342086408376|06|2026|744
5297911312129306|02|2026|811
4094215961027789|09|2028|538
5202325947141160|08|2027|338
5154620020893291|04|2026|808
4491630128494301|04|2026|383
5491127522807789|04|2027|281
4744760312219860|03|2029|209
5202338926676486|05|2030|585
4850978365012806|12|2027|231
5409789530583313|02|2027|384
4973559174291039|04|2027|966
4592534622676884|12|2030|936
5262191152397567|10|2028|418
4029617023440118|08|2029|998
4003449322641463|04|2028|614
5588432945772923|03|2027|861
4398182075857837|08|2028|593
4589538385311618|06|2029|486
4099741528928586|05|2026|653
4511556801552105|09|2029|810
5520707252560073|11|2028|717
4575773743982406|07|2026|757
4067871947740516|01|2028|232
5080458269763928|11|2028|682
4293209200555360|07|2029|262
5237071855535071|09|2029|866
4985031137166605|07|2028|436
5503688322793772|09|2029|199
4214579204576620|03|2027|913
4273801847976720|09|1931|318
5182238272581567|02|2028|988
5239300770989958|04|2030|013
5212678863275018|01|2029|952
5118841040389616|07|2030|363
4167720328104421|09|2027|422
5366447902338409|09|2027|700
6011007687668938|01|2026|251
5144400514777489|01|2027|175
4305605550071310|05|2027|417
4373097680442255|04|2027|101
5335671586831441|05|2027|168
4655962212980792|05|2026|485
4083671172782047|04|2029|114
4147202573204516|06|2029|761
4042777830169046|02|2029|592
4147090178814718|07|2027|085
4770282802804934|03|2026|304
5524903603305294|07|2026|318
4848890044684423|05|2030|572
4503465600657307|02|2029|454
4010498959482346|03|2027|455
4407830156227341|01|2026|128
4461357193342688|07|2026|434
5424181284624058|01|2026|534
6258142608006819|01|1933|028
5464290517241324|02|2030|642
4810447086920464|05|2029|120
4180441801765991|02|2029|083
4315037527087054|10|2027|965
4335773023100696|08|2027|185
5379562554289729|10|2030|219
5333171166421749|11|2027|965
4131465909702671|01|2028|028
5143095337830605|01|2027|926
4021700177965235|06|2030|773
4762759281395153|02|2026|998
4964053076055586|02|2030|815
4223230004215394|12|2026|943
4025026173946375|05|2030|461
4815830027182408|01|2026|291
5464605986825945|06|2030|708
4847335962273164|02|2030|340
5232038810276955|05|2027|219
4977457470097653|07|2029|740
4514546341268277|05|2027|821
5308740004803002|12|2028|085
4057718077932128|01|1932|489
4057620000660943|09|2027|873
5067223803957999|06|2027|197
4451017842171845|07|2028|201
4304624453359970|12|2026|630
4094494334937442|10|2028|659
5404044983041509|05|2029|427
5446122273528201|01|2029|506
5386483356194341|04|2026|558
4389590052725614|06|2027|508
5375095754921746|02|2029|641
4321443331050373|10|2026|284
4011887926791509|02|2026|716
5333171233717756|07|2029|261
4571973333005642|06|2030|690
5102899076479626|11|2029|021
5490504209067633|06|2029|715
4465617648562248|04|2030|680
4966990589769153|11|2027|186
5017741299217330|03|1932|677
5563149229057214|03|2026|726
4263439153147040|11|2030|439
4089279698878796|08|2027|137
4313643986414655|07|2027|038
4347697121078007|02|2030|794
4400666145702839|08|2029|744
5635532424551913|03|2028|015
5403133354339443|09|2028|091
4003902014131318|02|2027|912
4427900371989706|08|2028|452
4920170031565435|01|2026|596
4033906061763299|02|2026|167
4460133241556962|06|2026|255
4767641010016240|07|2028|330
4198243409046539|01|2027|962
5108506520439817|06|2028|938
5090631268994870|02|2027|472
4074480133606704|05|2030|694
5516430100088942|03|2029|506
5283928315440239|10|2030|327
5396890001937858|12|2027|218
5570477114485542|02|2030|198
4001133134320910|12|2027|254
5031107507148505|06|2026|307
4558500919728938|08|2026|780
5243254565615571|08|2029|912
4658599946673397|01|1931|350
4403931640110319|01|2026|008
5314620066617031|01|2026|093
5493751020925021|11|2027|408
5324863112023600|10|2026|158
5322111081371457|09|2030|882
4958733672848041|08|2026|945
4847834980644695|10|2029|409
4181878153802063|04|1934|857
4574185463030699|06|2029|968
4230712320500485|04|2029|735
4400664460901169|06|2027|644
4147202506648425|09|2026|361
4296160276855456|07|2026|872
4591706710661413|05|2029|286
4246310447377945|09|1941|999
4388576175476251|11|2028|930
4037843210798635|01|2026|348
4198022316321957|09|2028|492
4713845845648136|12|2028|755
2525046030659416|12|2027|291
5549161000004322|05|2027|341
4237914926212142|08|2030|914
5301015381035032|12|2026|756
5434809145789011|04|2029|751
5433154160214871|09|2027|256
4217833018304951|12|2026|838
5594109277894895|12|2027|343
5175451668840047|11|2029|546
5198442824231265|03|2026|053
5207110021551541|03|2027|850
5295280001354118|12|2028|479
5405707745360560|11|2028|656
4147099741982589|08|2029|751
4700470677444945|04|2028|302
5524866129035226|06|2029|838
5230673936546550|03|2030|677
5156769421835795|01|2026|041
4991405754089310|07|2027|852
4563581810521591|06|2028|964
4174989265142899|11|1934|749
5396890282306229|01|2029|637
5286739858781104|09|2029|780
4147202512406149|10|2026|253
4085740212967021|10|2026|694
4762435890115163|12|2030|426
5386030551533409|01|2026|776
4266841859261883|02|2030|565
5198718581946488|08|2028|173
4519912215128176|04|2029|553
5121071936443906|01|2028|303
4677420278531268|11|2030|734
5311488878469683|01|2027|599
4619940980216842|12|1931|500
4934896092778426|09|2027|366
4591559849527710|10|2029|123
4543616854394391|10|2027|547
5434821881768661|01|2027|899
5153680020398874|12|1933|542
4482647406947322|11|2030|368
4454718059947887|06|2030|540
5873873659684131|10|2026|119
5178058634185014|03|2029|665
4463342716938798|05|1932|350
4718491023506666|01|2028|999
4874172861011791|09|2026|729
4066292078794860|07|2027|942
4151219823058354|07|2026|737
5333590000210937|11|2026|018
4847343910239568|02|2027|750
4580271386201872|12|2028|760
4452501877592693|02|2026|004
4149496067250468|01|2027|662
5267520948262344|11|2026|667
4596950726614405|08|1931|927
5175451770269093|08|2026|909
5168752002297011|01|2026|764
5401683113038928|08|2026|695
5403265930398053|09|2027|347
4031939599646084|01|2026|287
5141446817681293|03|2029|078
4400669719386609|11|2028|180
4198707479558854|01|2028|463
4974648972341903|05|2029|898
5398426166005344|09|2030|189
5288928984617120|08|1932|065
4049564985552744|10|2029|168
4856717020590325|09|2028|824
5411877388288998|04|2028|608
5290990017415217|03|2028|444
4598197497686422|01|2029|423
4533521044622622|01|2026|743
5352566130226973|11|2030|452
5442715063306961|07|2029|418
4388576187654788|08|2029|171
5446709321741800|03|2029|593
4658877542846967|04|2028|391
4011390038687145|05|2027|899
4482617523622611|01|2027|244
4261506758747887|10|2029|639
4001664232850507|08|2028|859
5333175852757415|01|1931|831
4400664844229378|01|2026|770
5557530042377376|10|2029|720
4647738297912111|09|2028|305
4100390616330862|06|2028|455
5387565669616421|11|2029|098
5162740542542356|04|2027|836
4463342716966096|05|1932|520
4670696579334869|01|2028|524
4944425137525481|11|2027|403
4460520141323032|07|2029|097
4648467677319056|12|2026|015
4124893004283967|05|2026|610
5424324316344093|07|2027|472
4611943836075030|11|2030|428
4694201094753743|05|2026|153
4053109863936768|09|2028|180
5863636010670228|04|2026|299
4641597963447299|09|2026|048
5175461895376988|01|2026|756
4563310045748708|12|2029|671
5129328685236770|11|2030|674
4482330166711226|11|2027|933
4570129017042416|05|2027|532
5721827298036008|04|2026|231
4216890343094419|12|2029|808
4984890047999814|06|2026|543
4400666489472957|10|2029|775
5253802429553300|10|2029|565
4388576172058110|08|2028|092
4100400171282513|01|2026|340
5438962730575059|03|2028|721
5286470870157699|12|2027|758
4002310171958799|01|2026|933
5375112966183070|04|2028|910
5273451017922323|05|2027|171
4209993617365736|07|1937|425
5333171148172162|01|2027|701
5156113180192736|08|2027|820
5306917225853337|07|2026|810
4619005216446975|03|2026|086
5512575002096544|06|2028|233
5174278939834959|08|1935|973
4229973334134470|08|2026|371
5218573676218723|01|2026|581
5217293011134805|03|2028|645
5196205146344708|09|2026|189
5508061015952631|05|2027|476
4670362629869558|03|2029|267
4929152564621901|02|2026|548
4726427944310911|01|2026|628
5192164243620557|08|1931|481
5326630485241384|11|2028|505
4665758874833032|03|2026|412
5061777533583611|09|1935|311
4248403865503718|03|2028|890
4233527966245584|04|2026|644
5213331455439233|01|2026|267
5184923345225734|11|1931|190
4363206874226844|04|2030|878
4210156002526844|01|2027|628
5285460005332425|01|2026|249
5154620020897995|04|2026|298
5282625427171238|07|2030|252
4972567510010337|12|2030|297
4335370099240611|02|2030|739
4117751533811451|03|2029|552
5238210185688155|05|2029|795
4970407000577622|10|1931|662
5335189472170907|10|2028|858
4987310847685122|02|2027|942
4160478061966590|07|2026|071
5466160394296105|01|2026|317
5492840344280378|11|2026|027
4815821181713682|05|2030|486
4142210019157383|10|2026|841
4544281067559766|01|2027|601
5294275394567848|08|2026|310
4860578085371116|03|2029|809
4649594127763044|10|2026|000
5143773281964402|10|2029|130
4571430814261970|12|2027|330
4147342086402676|06|2026|091
5085434523307633|09|2029|790
4641514867528199|05|2028|375
4689021667993907|04|2028|465
5424181555271316|01|2026|030
4093195440814372|02|2027|270
4547426466569091|02|2027|803
4693963100441461|11|2030|593
4194603806214481|02|2026|074
5140871740721620|09|2026|440
5333466725420491|06|2028|007
5597670343478085|10|2026|985
4319350456361796|09|2028|060
5338702582990076|10|2026|176
5024793803591040|04|1934|461
4035845237883748|06|2026|632
4905537411631673|01|2027|288
4049420116210399|01|2028|167
4593110017815145|11|2029|658
5220325802291447|07|2026|043
4386204019851363|09|2030|005
4127526966969838|05|2026|737
5514433089644554|08|2030|788
4465655927091091|11|2030|542
4179386090775776|02|2026|755
5333171136718133|04|2026|061
4252048759510494|09|2027|527
4121687503059651|07|2026|387
4100390623616022|01|2026|274
4051732052356761|06|1933|096
5333171236421240|11|2029|098
4031032439263433|10|2027|219
4424427829625974|12|2026|497
5427845050209966|07|2028|434
4303069908801955|02|2026|921
5532370000191810|01|2026|973
5129716351190679|05|2030|402
5498061086886926|09|2030|688
4677293738932313|06|2030|386
5573749006700817|04|2027|563
4627653918544538|08|2027|171
2310147354380966|10|2026|505
5452101996476683|09|2027|652
6258142608006181|01|1933|087
4364005806291119|04|2027|304
4622391115041041|11|2027|639
4987837270547908|09|2028|596
4426441317586794|08|2027|171
5112710401647159|11|2028|613
5405806458490851|06|2027|944
5238151000169718|10|2028|074
4806237012577512|02|2028|417
5241440272067931|09|2027|964
4985031009319373|01|2026|083
5199010098545212|03|2027|241
4366183842527792|01|2030|781
5466160554040749|09|2028|503
4294808836306913|02|2027|756
5400580847399264|11|2028|515
4219705242097767|03|2027|195
4976524449555995|05|2030|892
4403932786462332|01|2026|208
4984318247712415|03|2028|906
5407409596405960|03|2028|859
5457569350425691|01|2026|630
4678083794083864|05|2027|016
4092176217338804|08|2030|293
4854745809545212|06|2028|318
4988630724422730|12|2026|594
5243567603564562|11|2028|051
4635608407933295|07|2030|432
4258814559632026|08|2028|258
5143412229696319|10|2028|1309
5175451669721352|08|2030|791
4006663892360141|08|2027|690
4239267150148971|02|2030|714
5312600062591077|09|2028|003
4534701169502457|08|2027|326
5239210202989510|04|2028|923
5071374389484785|06|1933|912
5367401259257950|09|2028|822
5542839086307472|11|2028|362
4581257771561060|11|2026|393
6258142608006686|01|1933|381
4566454167405536|12|2030|433
4436206611079558|10|2027|530
4571625373395206|08|2028|749
4046342217900566|10|1932|995
5489014490788809|12|2027|834
4101117902366543|09|2028|119
5514300007198866|10|2027|737
4311951972106769|11|2027|855
4731513103187506|06|2027|425
4541734439860075|12|2030|522
4638415754884700|09|2027|905
5425430190456835|12|2028|171
4283322137577845|08|2029|657
4314314008268532|10|2028|708
4023601329952170|05|2030|858
5159926391354275|08|2028|356
4512748806187834|11|2026|656
5339850094490298|01|2026|063
4076519619826639|07|2026|157
5200086497796736|08|2028|244
6225767783417983|11|2029|222
5858819370765328|02|2026|716
5175461080026000|02|2028|366
4619942803052792|09|2027|450
4846801138464335|07|2029|275
4833122362638154|03|2027|612
5355722222928219|10|2030|819
5142700004417906|03|2028|092
5173523340132795|12|2028|425
5532530003308642|11|2026|503
4509351446904828|01|2026|672
5337540559592405|12|2026|574
4003901014152605|11|2029|811
5212678774626333|12|2029|101
6258142602695401|01|1933|655
4481111609642025|11|2026|552
4595230206305951|04|2027|996
5356668151387027|01|2026|987
5333171186208647|11|2028|183
4593114668635836|09|2028|446
5353165305353354|08|2027|229
4745812312134174|02|2029|283
5169380100726985|04|2030|488
5423398905099616|01|2026|616
5598880391311463|12|2027|668
4426688526485412|02|2029|673
5207377704900127|01|2026|841
5169290009695498|11|2030|359
5152257132108862|01|2028|487
4976254646880240|12|2026|145
5290999936818062|11|2027|381
5400258743132663|03|2026|944
5318420125199709|07|2029|576
5513420089659444|12|2028|795
4273801414775307|06|2029|473
5107359414356635|09|2030|763
4584797387177881|09|2027|456
5172790057909126|11|2029|492
5175461669632905|04|2028|214
5522964617305854|10|2029|588
4973019136877003|01|2026|745
5518279509914275|03|2029|450
5173528917353740|12|2030|824
5412568010581731|07|2027|821
5463779056982257|04|1933|430
4520850401946745|09|2028|142
5220940107274607|03|2027|673
4364009829722555|12|2029|863
5059644682009067|04|2030|467
5069941235520436|09|2030|460
4148767370850900|05|2030|432
4755926755793606|02|2030|767
5424181665884024|07|2029|012
5589184319483509|08|2027|888
4265623763966919|02|2028|439
4751440622620848|12|2026|755
5575023044261440|11|2026|506
4741657287301074|06|2028|005
5122306199322762|07|2029|718
4175030000218295|01|2030|479
4985036235041030|05|2026|548
5579828354942843|07|2026|672
5492840399158453|05|2029|829
5114516640749161|08|1931|191
5333171229515495|06|2029|819
4439158993757722|06|2029|060
4482330166710558|11|2027|312
4270960001598267|03|2026|141
4984062119195024|04|2030|946
5546965169207812|05|2026|685
4660795056610544|06|2030|525
5062653386862338|04|2029|249
4674523884745959|04|2028|576
4899304718781877|07|2027|800
5425056819240977|09|2029|476
5127422516314195|12|2027|552
4548913092725378|08|2028|799
4128956679140691|03|2026|166
5355700285328840|10|2029|343
4074616135254346|07|2026|421
5425395053765897|12|2028|799
4916548807775856|02|2026|348
5444723056005531|03|2026|092
4548611286444190|02|2026|408
4758154855906807|12|2026|616
4378668098633589|05|2026|791
4033224028884301|11|2027|308
4176930752950376|04|1934|355
4610460226614402|02|2026|791
5452052236936137|08|2026|145
4227331484332695|09|2029|595
4224723965488470|07|2027|514
4797652079645526|05|2030|743
4385512654297390|12|2029|263
5338622214491915|06|2029|310
5931373818963401|09|2026|959
4449296374313091|05|2028|235
4082380468925085|10|2027|559
5507530000358674|08|2027|689
5654192411575072|10|2026|850
5391111475841608|10|2026|935
4154644408633650|09|2026|865
5207454232793389|02|2028|187
4557148130321223|01|2027|394
5463166998765638|06|2030|852
5191230231004822|01|2026|600
4038409354433428|04|2028|521
4519912191108556|02|2028|278
4159780907150609|01|2026|209
5196996100495219|05|2030|052
4168723635093096|09|1934|210
4220619675110319|07|2027|978
4020490084337071|03|2028|537
5466160554821312|09|2026|921
5303376132915346|01|2028|970
4723040013977644|07|2030|536
4355416597492744|12|2029|575
4976065164205432|12|2026|606
5255559209716931|12|2028|677
5432671007716389|05|2028|400
4589091007293798|03|2027|838
4031630366829959|08|2029|098
5357783629603324|08|2026|646
5173525945483226|07|2027|620
5156001288645061|04|2026|185
4347692062691876|03|2030|979
5522251369739633|09|2026|364
5363399674724626|11|2026|981
4960780015813774|03|2027|573
4314560478932516|02|1934|174
4765714757400117|01|2030|280
6258142608004640|01|1933|724
4231200008483173|01|2026|663
4079241797335237|03|2026|455
4596959757830822|04|2028|305
4454690029508471|10|2027|557
5333171229509597|06|2029|201
4147099270935693|10|2028|999
5662705381435918|05|2026|664
4472270076761790|06|2029|097
4375990002279652|02|2029|160
4183427981460732|06|2027|405
4315805326039140|01|2028|041
5571134284905374|05|2030|606
5207110040434117|06|2027|496
5493916648790350|08|2026|761
5184245312821430|10|2026|025
5539060094157867|09|2029|387
4708382837166999|07|2028|982
4294130345088068|10|2028|125
4350201302215324|11|2030|440
4300207523981165|04|2029|669
4011430010046637|12|2028|080
5602544238711533|03|2030|742
4707930536150507|01|2026|376
5246926254489015|11|2028|409
4178493881475524|03|2027|974
4065792677359313|12|2027|120
4984800498974984|06|2028|202
5175047554689520|08|2026|307
4520567385678322|01|2028|266
4071863005329732|12|2028|030
5356668022078961|05|2029|762
4935100079684015|04|2026|643
4347692062697014|03|2030|243
4147342086406057|06|2026|770
4252047438058040|06|2028|339
5446896937417253|07|2026|822
4658285013275775|04|2029|426
5309949548694020|01|2026|015
4368623326733091|06|2027|064
4889501006460658|09|2028|456
4023601007915150|01|2026|378
4254070054451255|02|2028|686
5112710652795111|07|2026|294
5514091970986698|12|2026|984
4536386968696540|07|2026|031
5881513117408364|04|2026|559
4035510003723383|04|2027|352
4815820315645109|01|2026|645
5150541651825275|02|2026|512
4627653913437654|04|2028|229
5436274322966049|09|2029|027
4624062547165199|04|2030|064
5161799371474389|06|1932|764
4762249728530513|12|2026|813
4047555735522997|06|2029|706
4000223101655355|05|2028|044
4173615903961215|12|2027|390
4151457044512029|04|2026|086
4687707749333227|06|2027|662
4266841669386250|01|2026|140
5227015492289446|12|1933|655
5425336392991729|07|2030|720
4960780015819474|03|2027|823
4207670320265161|10|2029|934
5450693303118752|06|2026|487
5176687338467344|06|2027|071
4143642306297614|10|2027|563
5111541024507962|08|2027|789
4675532685503037|08|2026|455
4670522744633755|09|2026|135
5213331473034792|04|2028|883
4940535276853512|01|2029|476
5175451782949252|09|2026|917
5127725117225051|03|2026|217
5524497232700462|07|2030|853
4334305698539139|02|2027|677
3540327318331061|03|2027|051
5335160353714014|11|2027|889
5139282580875133|01|2029|767
4492090021429046|05|2027|457
4580832005224338|02|2029|341
4399923184049876|10|2027|072
4585758486033978|11|2026|264
4061730129455390|01|2026|563
4165640014417311|08|2027|903
5359080022554818|07|2028|701
4246315304815325|01|2026|425
4482448073620734|05|2026|126
4347697117478690|09|2029|139
5028794814735069|06|2026|619
5246955610978296|08|2026|278
6258142608005480|01|1933|624
4388576185802942|06|2029|278
5450460600147789|11|2028|479
5498214476279976|02|2026|926
4509952680665437|05|2027|952
5344132728062527|07|2027|626
4700481174927225|07|2026|387
5262192117563137|10|2028|265
4284300804585993|09|2028|749
4524710247076543|12|2028|891
5520716191812594|06|2026|164
4898896040286237|03|2027|572
4409522906267549|07|2026|991
5411160463222079|02|2027|655
4748381436416187|04|2028|759
5430131506293200|10|2026|168
5212890607139406|03|2026|372
4929136980329009|04|2029|574
5531725271351859|01|2028|971
4006349650377069|09|2027|976
4857381471118315|03|2026|470
4100390117373833|07|2026|007
4513357475765349|11|2026|028
4544078421062663|03|2030|655
5213331429680078|06|2028|476
4730572638600301|07|2026|059
4344653152164870|11|2026|568
4621921005751324|09|2030|398
5107969839286934|11|2026|589
4115999779489449|10|2028|937
4147202571016797|10|2027|050
5089335581510180|02|2029|830
5154468627915475|10|2030|872
5214426116975630|07|2029|041
5324905347037630|12|2030|140
5030668516770523|12|2026|444
4562568919145969|04|2028|821
4496310001997861|01|2030|294
4921818545964564|12|2030|912
4147097423307448|04|2027|897
5203987429771050|01|2030|950
5091589286071908|09|1934|319
5492060011013065|05|2027|579
4593115280646515|03|2030|208
5345439057513270|07|2026|332
5576619306682006|04|2029|104
5331978013120023|01|2027|172
4147202476421803|01|2026|039
4596956669471653|10|2027|791
4272784940475900|01|2026|544
5070931726685555|08|2028|226
5456621690785598|05|2028|255
5524869769212998|08|2028|216
4966428167055992|10|2027|731
5267717330811759|03|2027|785
4889180555120516|07|2030|645
4074591216854050|10|2027|165
4658088296782099|10|2029|353
4251251347317932|01|2029|371
4724090564387973|01|2026|786
4744790025703561|01|2030|725
4361725289006972|11|2029|940
4104902617863216|03|2028|821
5466802015546661|01|2026|425
4429713044802646|01|2027|035
5220950708049001|01|2030|340
4164559583718969|07|2028|626
5568628200707116|06|2027|515
5534221260401167|07|2026|459
4591560096998505|07|2026|247
5445446733158205|01|2026|779
4059989741107581|03|2030|447
4522770000587708|01|2027|249
4199811442045392|08|2029|488
5354737917367649|01|2028|769
4232231088792414|01|2026|916
4854529164592484|10|2028|950
5213331158511551|01|2026|532
4149326622945015|04|2029|502
5179633825572979|08|1933|109
4914127479541946|03|2027|618
3540318147901018|04|2026|398
5512575002479468|11|2027|776
4480065631703521|10|2026|097
4788147403805079|01|2027|540
4412571427100676|08|2026|769
4134474597394830|10|2029|795
5246130685859348|10|2029|355
5235650700041708|12|2026|168
5213331188413737|01|2028|574
4021700102389725|09|2029|594
4502508515801634|05|2027|884
5157113406926072|07|2027|587
5103970000790583|10|2026|126
4115680162751187|12|2029|761
5497053393569486|04|2028|440
5196032170272815|04|2028|150
5355708391222484|03|2027|943
4379552974040466|09|2026|222
4447962587841127|01|2026|093
4083783612627466|07|2029|469
4979489873425205|01|2027|148
5065460450434979|07|2030|755
5152061031185983|04|2028|5944
4220707676432970|12|2028|252
5295470083715720|07|2027|735
5463259669397763|06|2029|619
5575670034317937|06|2030|327
4342580201368909|04|2027|744
4069330335842473|06|1931|754
5243045171907034|09|2029|831
4655606995312224|05|2027|904
4002210800092210|04|2029|502
4265559767823021|12|2030|640
5213707517018547|12|2028|755
5153790162489934|08|2027|436
5220276134256998|09|2028|825
4321999713364062|05|2026|040
4163340150666969|06|2027|926
5287495051291750|04|2027|427
4533042201676392|03|2028|664
5248861695745832|04|2030|850
4803203873823976|01|2030|532
4755866279153988|11|2028|725
5510460002960159|09|2027|130
4177072883662585|01|2029|362
4184691938374721|09|1931|350
4460319236851407|01|1932|882
5491706064404384|09|2028|980
5178292262995630|12|2029|373
4251798111633027|12|2029|785
4132002213631442|07|2028|613
4575262759240941|12|2027|439
4128484811207351|10|2030|060
5428973623316784|03|2030|799
4570375118067089|03|2027|553
5629562291958535|12|2026|482
5267363976638774|06|2028|510
5297918783241569|04|2028|309
6258142608004582|01|1933|859
5356021788330640|05|2026|113
4561224455575661|02|2030|158
4960780015815647|03|2027|173
4568399257879884|05|2028|854
5446122562569106|06|2026|301
4155000434234881|01|2028|441
5176822899171171|06|1935|734
5248055346038008|12|2028|793
4037660644822421|01|2026|319
5178059895782853|01|2026|615
4149088964469836|01|2030|668
4868767030663600|09|2029|927
5589183012103406|02|2030|644
5256184323794810|02|2028|210
5490014303381443|09|2030|043
5157216841447701|12|2028|189
5236501632723617|04|2026|872
5525106889192506|02|2028|888
4100390547547121|01|2026|021
4568929773413550|04|2026|750
5509898477211017|07|2030|982
5207110098449421|04|2027|710
5175447467935301|03|2027|916
4907444198573012|11|2028|995
5452861856258378|12|2030|569
4538677853500229|05|2027|279
4709670362705903|03|2026|894
4960780015818799|03|2027|643
5473029833908201|01|2030|946
4935884854369898|06|2029|360
4978340588365189|05|2026|177
4618803445719852|05|2028|755
5147930611887473|04|2029|907
4154481092844784|03|1935|675
5980420238062940|10|2026|926
4147202668216664|03|2029|302
4454245470890181|05|2030|440
4979437744457410|09|2027|909
4410337659952826|10|2026|650
5121001546870826|07|2028|422
5557246006071919|03|2030|694
5128760008438314|03|2027|592
5557245644330901|07|2030|214
4258381113959949|10|2026|041
6225761112830768|04|1933|551
4803075854597120|11|2030|660
5388313969102159|07|2027|190
4046986354987289|09|1933|693
5333171141141651|06|2026|417
4349499610261980|01|2029|189
5173529875528026|10|2027|262
5547182022709278|02|2030|588
5198534863723861|04|2027|359
4093521865322544|05|1931|118
5590490228889083|10|2028|691
4801666923121041|01|2026|426
5126217726300435|06|1931|780
5387560645630216|06|2026|645
4220721970923659|09|2026|774
4054624883622155|02|2027|713
4259999195854727|11|2026|103
5108693744429624|11|2030|183
4970490869240706|01|2026|953
4975511787410637|05|2029|911
4864834416823739|04|2030|543
4229671118434807|01|2027|721
5312575509130731|04|2029|943
4712420304166045|04|2027|496
4726758053385801|06|2028|343
4748686304007045|11|2027|241
4626525203529609|09|2026|147
4040290575360814|04|2029|982
4245348474050556|07|2026|270
5164038401608808|05|2028|216
4176101297746485|12|2029|100
4017340883606017|04|2029|320
5557244706931482|10|1935|642
4903721489385501|01|2029|877
4009951237124661|03|2027|274
5155454860342949|01|2029|457
4929421042531937|07|2030|914
4330079549488697|04|2030|890
5115341851046465|01|2026|840
5402100576163779|05|2026|491
5697439698099014|02|2026|587
5539059294433318|07|2028|022
4049420116211652|01|2028|743
4049315573194187|09|1932|399
4348034376459741|06|2030|143
4667747758362117|02|2029|895
4321440604220485|08|2029|537
4294359702580926|03|2030|796
5035581366931183|03|2029|536
5173523340138206|12|2028|487
4335270950426756|02|2026|440
5166480803196982|09|2027|503
4815821133375283|04|2030|419
4738390303818211|01|2027|372
5501106368078810|03|2028|385
4031630667827314|05|2030|327
4147349743817964|02|1933|405
5154620020018956|09|1935|312
4111377604231985|04|1931|626
4348572310910642|05|2028|250
5085020065661170|03|2030|044
4264235019672133|01|2026|461
4519922205820724|04|2030|140
4540523384510434|02|2030|184
5122513938772211|09|2030|855
5026988551620979|08|2028|886
5154622833064094|12|2029|646
4557011083526794|05|1933|139
6011000689131773|05|2026|326
5172888811174910|12|2028|249
4990224554771113|11|2026|238
4191322676699621|06|2026|318
5409780097693488|03|2027|818
5225454459959828|12|2029|026
5548110447534624|05|2027|244
5124077838001251|05|2027|635
5767084261818732|08|2026|848
5242433604113662|08|2028|951
4463327463185149|11|2029|629
4404237422645699|04|2026|652
4784188633691156|09|2029|443
4032274153848630|05|2026|285
5281331348540756|03|2028|554
5419253234853777|11|2028|809
4894552230441173|08|2027|298
4946836055330597|08|2026|894
4381067907556856|04|2029|799
5483594375785208|01|2029|860
4021700194234268|08|2029|510
5472625779955246|08|2026|656
4072577988691830|06|2030|173
4793493518910443|01|2027|782
5306917741533736|08|2028|552
5278898049478804|01|2027|738
4225658931980110|03|2026|081
5547182024727302|09|2029|504
4792488474656783|10|2029|187
4031630815064869|07|2030|144
4703529112596713|11|2026|824
4064192137099081|03|2028|815
4183985834675863|11|2030|342
4052060214154828|01|2026|686
5425503004064548|04|2027|509
5213331470733883|05|2028|344
5122302972743274|02|2029|999
4768335291421067|12|2026|508
5262910316116351|07|2027|152
4619941339514382|01|2026|973
5149744579268487|02|2026|756
5333174995484532|07|2030|143
4321440552759997|11|2029|663
4057432022613664|06|1934|815
4273094016014610|04|2028|910
4341546932752811|12|2027|588
4056345094280074|10|2030|472
5570846194691817|10|2030|229
5384220911976693|01|2030|088
5538227540910667|04|2028|984
4570630629637030|08|2026|284
5177457886029857|10|2026|983
4100390596600391|04|2027|723
4234216251974962|08|2027|531
5114541358902075|07|2026|567
4046451271481171|10|2027|444
4867960063260045|03|2027|486
4787386305337390|11|2028|170
5396892458351757|05|2026|794
4426603295799737|02|2028|194
5264309232460811|04|2028|153
4143324162302909|11|2028|521
5424323428471323|02|2028|151
5331272636715389|11|2030|889
4921819152657319|02|1931|891
4620226105289659|09|2028|292
5452430014485230|10|2027|520
4365075624845478|11|2026|105
4388576110742221|11|2027|408
4418390042608938|04|2027|453
5579070059339237|08|2026|823
4806357586904213|05|2025|307
4766779409331506|08|2026|541
4728723830607917|04|2026|589
4105020488104906|02|2030|701
5310023534398595|02|2026|889
4194030387850774|09|2027|513
5111675546236922|10|2029|218
4388576178053685|01|2029|995
4176694719628067|01|2029|283
4761757272215332|09|2026|420
4848100029227937|07|2030|106
5177442693130908|11|2026|522
5206361004232903|01|2026|342
4012857248440100|02|1934|010
5566161444526748|08|2029|719
4848527101095917|02|2027|773
4423965410657097|05|2030|760
4619942831166556|05|2029|129
4779163457012349|11|2030|496
4960780015813220|03|2027|712
4999771551260384|03|2026|009
5192123910718508|02|2029|921
5383111623078822|03|2030|193
4921654745978249|09|2027|032
5085079051076249|03|2028|718
5309543960220552|11|2029|344
5115776914404260|10|2030|412
5396890289886934|01|2030|273
4875974064822489|05|2029|532
5447125391668279|04|2030|988
5212677896837455|04|2030|085
4323799653366350|09|2026|437
4891831814986644|03|2028|745
4815178496218661|12|2027|083
4347692059751782|02|2030|331
4538519992193575|02|2030|741
4273803516325213|12|2030|712
5333173456456260|08|2030|512
5175461681863793|10|2028|686
4985033096584125|10|2028|212
5361197367541543|06|2029|339
4097090184314307|10|2029|844
4137087691426774|07|2026|555
4004624434411240|11|2029|237
4960780015810044|03|2027|681
5143772298757767|01|2026|857
4562565703636351|12|2028|045
5598880392884930|06|2030|189
5173526535029569|12|2028|192
4262905108562922|01|2027|430
4409876920872571|12|2028|195
4068244101803984|09|2026|988
5088682183461721|12|2026|301
4465420535632244|01|2026|033
4011390099479291|10|2026|755
5245561281281779|04|2027|206
4799195614755366|01|2030|812
5538085169938207|05|2026|868
5349173387731874|01|2030|932
5409920962903469|05|2030|029
4682696341247072|11|2029|685
4037039129118631|04|2030|392
5243046385188635|06|2027|660
4682427791188404|04|2026|843
5497781773819952|05|2030|039
3568230789623320|01|2029|504
5606913879489616|10|2028|052
5441744304715195|07|2026|480
5325148703151898|08|2028|898
4175030003858451|06|2029|649
4064196800848906|01|1934|140
5333171139749523|04|2027|710
4664058605430195|04|2027|923
4273807198964074|11|2028|263
4941423535101511|06|2026|937
5398469886545306|03|2026|082
4263438249685849|07|1932|468
4259893767822149|04|2029|241
4185700000062467|03|2028|707
4563318179062366|01|2029|649
4570364350025591|06|2027|549
5437581546537763|01|2026|616
4263706838107114|04|2027|708
5424181522283568|01|2026|241
5175461472585233|05|2029|6677
4593117890172031|12|2028|220
4619942879871380|06|1934|147
5466160278289614|04|2026|794
4571744979617523|03|2029|554
5293964691876728|01|2026|582
4039717248069623|11|2027|573
4973933396514702|07|2026|385
5173523340139600|12|2028|385
4743931554809335|07|2030|052
4827397651939640|05|2026|335
4596959946603650|07|2027|565
4259826932228321|08|2029|114
4175030008663195|07|2029|664
4696800631021700|12|2026|695
5357386206193832|10|2029|227
5110897487710407|03|2030|772
4459718833149342|04|2029|582
4071546176805727|01|2027|639
4405792605350839|08|2026|169
5080683410366921|03|2026|458
5142286670456345|03|2028|825
5018170684902349|03|2030|805
5160889657949385|03|2028|641
4400661919308731|08|2028|723
5123662868247196|08|2028|985
4810018850043336|03|2028|997
4029886034169608|08|2027|138
4755703095494199|02|2030|792
4118410006982351|08|2028|362
5167614585126275|09|2026|269
4147094828235407|10|1932|244
5228429883564888|03|2028|992
4011495928058008|02|1935|752
4147098244128161|10|2028|657
4126508279206265|02|2028|397
4741189763193080|12|2027|304
4418025127074537|12|2029|969
4869380621742772|04|2027|679
4268070377951423|03|2030|000
4005779269699787|11|2029|533
4695856262107862|06|2029|820
5213331473063932|04|2028|756
4346889869023326|09|2028|091
4515609055384166|12|2026|041
5333171150912158|08|2026|4364
4239530079283116|01|2026|938
4177578704835564|10|1932|282
5434134944141144|09|2029|690
5154620020893812|04|2026|963
5582780012304947|12|2027|492
4400667110287400|01|2028|319
4159177258577060|03|1935|755
4705699739503372|11|2028|784
4147202672170337|04|2029|826
5306389547015252|10|2026|795
5277744679385391|12|2027|913
4899160488855154|07|2026|627
4117417926723436|07|2028|074
4192009872273934|05|2027|494
4970407078488165|05|2028|018
5137812427759058|01|2026|150
4400668314811789|01|2029|775
4891009407301766|05|2028|502
4469413392803855|08|2030|689
5375720058879528|04|2028|256
5140865923649459|12|2029|530
4105242678271895|12|2027|024
5253635999564681|12|2026|641
4980118026788923|09|2029|666
5463524849136534|08|2026|283
5291625187601324|11|2027|757
5590490220280307|10|2028|964
4596950404435164|02|2030|252
4942954744515926|05|2030|652
5172742643117847|05|2027|439
4993111278105008|11|2026|314
4647523380236168|11|2026|517
4204813789060409|10|2030|607
5130280118875269|01|2026|262
4150070025599054|09|2028|680
5171913443529959|04|1931|914
4216895419850792|06|2028|989
5175451669199963|03|2030|047
4027936660100187|08|2027|038
5339850506714921|01|2026|333
4207670287503828|02|2028|262
4216890343028318|12|2029|597
5510871264403318|07|2028|968
4009745011006627|09|2028|131
5177869469510097|01|2029|327
4916545025582288|09|2029|578
4690713005548677|01|2026|598
4647593653136700|04|2026|254
5491130055915987|01|2026|744
4179030017123088|02|2026|279
4643033328053166|01|2030|711
5196032183097902|09|2028|309
5093934616313075|07|2028|170
4506473979515939|11|2027|853
5474772002177160|12|2028|805
5557245783413559|12|1933|843
5055553061387503|10|1935|124
4455302601386081|01|2027|568
4628884308276915|10|1934|361
5481742143298887|03|2030|645
4815821156765931|03|2030|401
5465017473255520|07|2027|764
4689577529384213|05|2029|564
5175462404446171|08|2030|560
4659502200521079|11|2030|969
4451522004750310|04|2028|995
4417123046647078|07|2029|840
4593561062855289|03|2027|159
4147098746714203|05|2026|121
4524710129033653|12|2029|885
5280937728552004|12|2029|281
4541568222097580|08|2029|838
5333174039467295|12|2029|038
5229140415808235|02|2027|317
4991519909684799|05|2026|675
5256826253230757|12|2029|863
4594530120771753|01|2026|285
5107742077296083|02|1933|354
4665532880789763|02|2030|341
5147590409536979|10|2028|581
4052666884157600|02|2026|883
4344480286422119|12|2028|319
4345968167247505|07|2028|758
4731378073057950|04|2026|302
5327194402769224|12|2026|147
5396898411831843|07|2029|774
4409090029924099|05|2030|635
5254754946174244|05|2029|462
5180455525792237|01|2027|593
4985032077820482|01|2026|606
4785856913260400|07|2030|459
5204743633789423|11|2030|301
5157924340357590|06|2027|419
4713655829277780|06|2026|571
4124892109546526|10|2027|768
4532747577686269|12|2029|388
5161368668869055|08|2028|165
5333171222700763|03|2029|403
5147454948296738|04|2030|508
4921074042361801|09|2026|719
4596480629669942|03|2030|140
5182772905898154|06|2027|885
4525724626638541|08|2026|550
4198891144703028|02|2030|599
4220456309364743|02|1931|538
5085263133622515|02|2030|945
5451124350118072|06|2030|876
4960780015813147|03|2027|930
5272934472426436|10|2029|013
4649182946750481|01|2029|173
4295441694859820|05|2028|252
5085856632669208|04|2030|610
5544382357807480|11|2027|622
5156267969016803|07|2028|044
5444468500629623|08|2029|038
6258142608008856|01|1933|987
4127806017228867|02|2030|269
4584387301673221|12|2027|322
4745812320952104|12|2030|004
4005329422480368|09|2028|536
5061998823650759|05|2026|599
4398491643707345|02|2028|684
4644517695720240|12|2028|558
4416706140859028|01|2028|856
5119130348758410|03|2027|162
5430139903722929|09|2026|432
4347690268601624|09|2029|361
4574310236317211|03|2030|060
5401223944915588|03|2028|781
4005356260384394|07|2030|684
4266841668070533|01|2026|645
4147202655342465|01|2029|566
4924779062557065|11|2026|456
5189410144155861|07|2027|568
5434582313885297|10|2030|742
5138064274939271|02|2026|336
4672434781152897|03|2028|215
5306917779390660|03|1935|653
4659105165551329|11|2028|398
4261505443620806|01|2030|875
5406083003042731|03|2030|862
5344132518389403|12|2026|866
4569331021293794|03|2030|392
4143206322955488|09|2029|011
4361729757769913|09|2028|108
4365010002910792|05|2026|923
4505784869107046|03|2027|947
5332234333033838|05|1932|665
4533146757512883|05|2026|919
5314620067326558|01|2026|331
4220619673347152|12|1932|000
5367489862688646|03|2027|574
5139310662109301|09|2029|348
5316689446960997|01|2027|163
5333171148848696|06|2027|782
4754830764370185|02|2029|188
5221690988212395|03|2026|011
5311585456936643|07|2028|476
5149820969758533|10|2028|211
5459584655806154|03|2027|337
4147202637755685|10|2028|513
5207750303371470|11|1932|845
4991572834698004|09|2026|489
5557249004015482|11|1932|556
5126618741911165|05|1935|158
4652839113300937|01|2029|439
6258142608007577|01|1933|932
5239266607647004|04|2028|611
5056872098728227|10|1933|151
5357618619840405|05|2028|179
4011334821641281|08|2028|735
4060000030476898|02|2029|649
5175548315584983|11|2027|284
4610460322644238|10|2029|476
5415510735608990|06|2029|981
4803855732582646|05|2026|869
4627653913843422|04|2028|259
4705056605917394|05|2027|579
5421801671684638|12|2030|107
4638063960952489|11|2026|671
6258142608003543|01|1933|109
4060490115738306|01|2029|770
5448916980724856|06|2028|626
5459584671375309|08|2029|623
5017673794580278|01|1935|638
5545055304400539|01|2030|713
4097583296273072|09|1933|973
4100390597001615|01|2026|514
4909371204603517|08|2027|697
4419751662509186|10|2029|231
5333171165006616|07|2027|902
4465400912237759|10|2030|706
5210693015173211|07|2028|439
4859540113490147|06|2029|163
4506044670778660|06|2028|306
4364207689136433|09|2030|521
4916556518781451|07|2027|807
4340063679316744|08|2030|213
5570002640623174|07|2027|008
5173523340134130|12|2028|810
5304685349291096|07|2026|834
5087531858359408|06|2026|825
4050910019249433|04|2028|596
4184012159681134|06|2026|140
4856621873738231|05|2029|407
4117708504052929|08|1931|895
4221089256079334|07|2030|381
4561400293223777|01|2026|435
5247147565332286|02|2026|484
5207110024441492|07|2027|405
5207750823157136|06|2028|242
4010442008395307|06|2028|321
4321490576946195|08|2026|745
5398555941291629|10|2028|519
5222374155999527|10|2029|722
5327991328298026|01|2030|579
4933021633877725|02|2026|527
5277667230624356|05|2030|777
4152540266226482|11|2026|445
4489153090118190|10|2026|720
4833142230102373|12|2029|595
5080749660105960|07|2026|478
5442843435664600|07|2030|277
5463257694569604|06|2029|606
4388540100510709|03|2029|751
4263704064819866|04|2027|956
5536094888368706|10|2029|775
4696560515273104|06|2027|068
5481740791760935|02|2029|958
4309589927385171|08|2026|659
5216009590921110|04|2029|748
5226940257964647|01|2026|260
4149328808069800|12|2027|858
4622733478977628|04|2027|953
4999778908232644|04|2028|434
4538295609875900|01|2028|665
4704551119536053|02|2028|080
3541800091141187|12|2027|380
4644255683311132|10|2030|021
5207110085644281|09|2027|423
4506050268183122|12|2027|354
4720399780876683|11|2030|939
5196038781107985|03|2029|340
4587125074749555|06|2028|541
4000110169106670|10|2030|875
4028780008325612|01|2029|027
5089780208370924|02|2027|349
5122302575598240|01|2030|428
4477578755143097|01|2026|077
5175454060961940|01|2030|120
5352307404251730|01|2027|909
5122145821914418|02|2027|232
4272778364127914|01|2026|753
5230921590660161|11|2028|713
5273491941953150|10|2026|930
4102757923775633|12|2029|777
4060955986417396|06|2027|228
5540822527180999|12|2026|624
5175461501652590|05|2030|750
3542580546331265|05|2028|462
5242478998893809|12|2026|488
4516018389257412|06|2027|453
5423488369137646|08|2030|654
5425504503611524|10|2027|682
4147200300860816|06|2029|918
4297112728475028|08|2028|973
4832504364366713|10|2027|755
4636936273249028|03|2029|151
4645394848866448|01|2030|903
4173598169620586|06|2026|276
5434292310287337|12|2027|229
4568129382992439|03|2030|161
4170831416132243|09|2026|515
5547182021750406|02|2030|303
4139000017317252|01|2026|663
5539510002020904|12|2027|652
4871410267604279|02|2026|597
4978740846378926|01|2026|131
4006804894994236|07|2027|834
4185932702362636|12|2027|429
4373130065154755|10|2029|991
4017230967291309|06|2029|541
5013136691329144|12|2028|133
4602068893095688|06|2026|900
4543594416625190|11|2026|313
4909298963540145|04|2027|974
5368670652342945|06|2027|439
5186165021694290|12|2026|571
5501300066336683|10|2028|521
4352810008579524|04|2029|047
5401871254109687|11|2028|180
4064198618276544|09|1933|560
5177728091378440|08|1935|877
4233400583893816|11|2026|033
4935945771393822|12|2030|284
4450981145952121|11|2030|233
4201327868494028|03|2026|795
4620985371155775|01|2028|994
4019855450408214|11|2026|845
4354141842368454|08|2026|209
5213331429542443|01|2028|290
5333175279882044|12|2029|503
4273272098981548|11|2030|836
4793141807380444|07|2026|921
4983084909100668|06|2027|657
5452386117092721|05|2029|060
5425503302242275|11|2029|035
4539785404590430|12|2028|152
5423657201364556|11|2028|570
4659500920849309|02|2030|883
5520858539244005|01|2030|076
4644053706259200|05|2026|632
4619774484068122|11|2028|480
4205804208914077|09|2029|837
5306917741539931|08|2028|614
4695530203952286|10|2026|106
5262191082950600|12|2029|829
4730411258063245|11|2030|345
4691510150040016|12|2027|143
4306639308070786|05|2026|535
4147181406726681|01|2026|372
4658591852009294|06|1940|126
5333171129540841|07|2026|941
4164131614863030|11|2026|120
5120030008598808|03|2027|599
4147090004024607|10|1931|617
5498000407866407|07|2027|419
5547182024740545|09|2029|143
4251797257700418|05|2027|385
4258364685050792|07|2028|530
5470338974412631|08|2027|925
4432522709425691|11|2030|466
4067551470026992|10|2026|457
5289190010276822|03|1931|568
5243809905059325|06|2026|489
4283326586050790|11|2026|081
4298675470844293|01|2030|435
5175466240127663|01|2029|147
5576671172348980|01|2029|287
5253012607910971|04|2026|518
4261351324111031|01|2029|440
5396074940402916|12|2029|510
5246060001191185|03|2027|532
4689364218934388|09|2028|124
5276698451501271|03|2028|394
5113089052589161|05|2028|105
4248402225745910|06|2028|491
4273809363080298|02|2027|272
4266841088187883|04|2030|547
5306917741538313|08|2028|746
5264403804671085|06|2027|086
5497023840964036|03|2029|024
4358453363798118|09|2029|721
5371466315904436|05|2028|547
4259896304049514|07|2026|472
5547816129070270|11|2028|213
5400580843536307|03|2028|800
4561449395635149|04|2026|730
5249132102403939|12|2028|126
4273696563025235|01|2028|786
4312165415133533|05|2027|433
4041370116128489|05|2029|978
5380862615730894|12|2029|392
4273801619655056|09|2028|325
5513430030681264|01|2030|422
4426570024924953|05|2030|793
5213331455357278|01|2026|692
5218760047336652|05|2028|128
5524890030469316|01|2026|187
5296536595795688|11|2030|937
5425503301055900|11|2028|936
4196886311895682|02|2028|168
5175467171226730|07|2029|443
4744777333352751|02|2026|776
4285803577824936|11|2027|294
4400665356079531|08|2027|844
4235925124554749|12|2027|255
5469805313784451|02|2029|678
5131629122906222|01|2026|332
5582188101354759|05|2026|517
4417122245282521|05|2027|001
4477895000115575|07|2027|553
4387986934212346|04|2030|738
5143773498914059|01|2026|700
4017731605743437|02|2028|866
4524710007625166|12|2027|886
4093196155739994|07|1932|581
4133884501780786|03|2028|155
4414577459445556|08|2029|207
4426454032611037|01|2026|532
5545914545952528|10|2027|948
4506445734925769|11|2028|664
5122300782068056|09|2029|688
4916661263307450|08|2028|829
4798875325982414|03|2026|691
5503408362185064|10|2026|770
4586437096674492|04|2027|706
5352178234424213|01|2030|656
6258142608005548|01|1933|743
5103234567918370|09|2028|343
5299863322967282|11|2029|217
4116691777162271|08|2026|870
4580038578434441|09|2027|932
4744880132642586|01|2026|600
5175461592822268|11|2026|285
4443945028105925|02|2030|499
4202310038780293|08|2027|176
4342580220193494|04|2028|172
4045942279187696|06|1931|159
5309322328179523|06|2030|399
4838968815948458|01|2029|471
4000222530646696|04|2026|687
4403934462610267|01|2028|039
4875030832647854|05|2027|840
5269278174500931|03|2027|506
5017894898664756|02|2028|459
4867966919534244|10|2026|011
4041422926282343|10|2026|520
5432999378571350|10|2029|979
4288030262030333|12|2026|675
5147592129119938|07|2029|607
4906104498668687|02|2028|591
5288896051842212|08|2026|899
5459971844589462|12|2029|389
4100390530878582|01|2026|967
5366181127360084|11|2027|444
4535218793851431|12|2026|535
5534221260159823|10|2026|311
5379413941409200|11|2026|533
4147202716097348|12|2029|235
4186464320051689|06|2028|531
4884421019711077|05|2028|776
4417128694143973|07|2027|111
4739089267635657|07|2028|272
5417079081830788|07|2027|188
5170820450982404|01|2030|206
5430139984378179|06|2026|137
5284082352082659|09|2027|750
3586010021231316|01|2028|976
5107519068448489|10|2026|776
5314651977129220|09|2029|145
5837202534441100|05|2030|156
4787693550769684|12|2027|448
5261614362132426|11|2027|208
4906291339928238|07|2027|877
4751948285197904|02|2028|194
5557247774216983|07|1932|603
4496047871908129|07|2028|604
4973557128055161|12|2026|403
4696560530762602|09|2029|454
4191873746327361|04|2029|632
4147342086406693|06|2026|854
4007637653271688|04|2029|269
4388576193085225|12|2029|396
5568628200700954|06|2027|735
4447420078605378|08|2027|856
5463779241813433|11|1931|378
5492840356340235|04|2026|555
5408458689022728|03|2028|710
4474363632599024|08|2030|446
4580275953374822|08|2030|295
5228960000386177|10|2028|649
5323356558132135|11|2028|062
5178058041327332|04|2028|714
5017237739997581|09|2026|607
4403230093543054|05|2028|649
5590490224223857|10|2028|418
5303471000831459|08|1934|455
4174226863529593|04|2026|740
4847182928866446|04|2027|722
5514940010495336|05|2028|452
5354309126378708|12|2028|828
4375853524679322|02|2029|027
5400490094827928|11|2027|922
5434705000072065|04|2028|230
5379754777129507|04|2028|692
4726433044806824|05|2027|733
5156768048648649|09|2029|321
4403442888652368|05|2030|816
6258142608002867|01|1933|862
4363121216023256|11|2026|698
4207670336051373|09|2030|023
4783530812994664|08|2030|876
5988315011256804|08|2027|702
4147148093348731|02|1931|463
4976790014392904|03|2029|866
5181259990683734|06|2030|825
5245022488993773|03|2028|265
5430132062802251|11|2026|798
4147202475284012|01|2026|470
4894017180032786|02|2027|607
4489153094825352|12|2026|489
3567000624291000|07|1932|455
5175461777605652|10|2027|572
4169904782147187|01|2028|210
4045942851840217|04|2028|752
4500602058764432|09|2030|503
5236500686380324|04|2029|622
4182692825845650|04|2028|619
5164881164801908|01|2026|390
4016280789419647|07|2029|560
4427432232928988|07|2027|933
5436692279374745|06|2030|137
5471124199631307|05|2026|406
5110175102332992|03|2028|4031
5338423240940391|12|2027|296
4092810687591472|12|2026|145
5224747315576632|09|2029|823
4539792245166495|07|2028|004
4966038383626748|08|2029|789
5567509104891142|11|2027|409
5207110005205171|10|2027|980
4050285773259864|11|2029|561
4650432129306783|09|2027|073
4340765000256304|11|2030|906
4898168972601142|07|2026|415
4073957432518319|08|2028|540
4231794194350774|11|2029|198
5234000300264493|01|2029|491
4574032941305311|07|2026|128
5587055184170284|11|2027|509
4617004664354858|03|2026|185
4782964967001184|03|2029|181
5523210560823041|07|2030|270
6500537008058299|05|2028|498
5117239344808954|02|2029|317
4778400104557065|03|2029|806
5267317036132632|09|1932|102
4708156405755445|10|2028|764
4921906810889556|02|2026|383
4478076811589873|03|2026|467
4194880336619997|10|2026|361
4848100095228280|03|2026|971
3540939102322294|05|2027|734
5166652813961957|03|1934|702
5166930027890877|04|2028|674
4147202764741136|08|2030|238
5425052791064360|06|2027|905
5950331617179740|08|2026|036
4410309025855983|09|2026|572
5178059615797827|01|2026|037
4249149290339348|03|2027|530
5186492624817106|09|2028|873
4544070000388684|12|2026|171
4688397911734243|09|2029|636
5213331158725482|01|2026|355
6011007839157467|05|2029|461
5392775146832169|12|2029|215
5417170003292890|12|2029|106
5275011513368559|05|2030|952
4363064881189608|10|2029|898
5442158401483160|07|2030|277
5208018094705861|04|2026|798
4601332191866609|08|2027|222
4302559793084601|04|2028|539
4960780015817379|03|2027|642
5555625972424891|05|2027|966
4689575778000019|02|1932|572
5022158803278117|09|2027|198
5089339408000144|07|2026|909
5158450479560514|12|2029|775
4636765255492847|05|2030|251
4339561821939878|09|2026|628
4266884583853732|04|2028|412
5305580414294662|12|2029|964
5242921215684394|06|2027|455
4146293440200630|04|2026|582
4767828456863041|12|2030|518
4173133333011064|02|2027|831
4416490012992627|12|2026|324
4980018982760652|06|2030|099
5088232320932745|09|2026|521
4440818105200559|10|2026|726
4364487704012179|03|2029|249
5577122808874980|07|2028|246
4937816857885890|05|2029|901
5425395070871397|11|2028|466
4569332306412893|07|2027|580
4981064748538841|01|2027|854
5236305251431894|01|2028|428
5175461899449690|11|2029|413
4232231106894283|06|2026|241
5154620020891261|04|2026|226
4365008830002113|09|2028|442
5121639729581767|10|2026|088
5334912448998676|04|2027|896
5356677774451805|02|2026|782
5220944683040853|04|2026|498
4734504234166953|09|2026|317
4069698537622442|03|2026|637
5354731876426728|04|2029|414
5106912416482527|03|2027|799
4558350713808027|02|2029|656
4694436991859694|01|2028|554
5363037259257527|11|2026|208
5314686224222683|11|2030|833
4674816835543717|04|2029|378
5457894031264370|07|2027|497
4474822624199721|03|2029|236
4838395678096300|12|2028|307
5404971696990509|06|2030|565
5375237795381213|11|2029|921
5521910529545955|04|2027|683
4738665038150984|01|2030|965
5402438548145684|12|2029|949
4273805141236939|05|2029|161
4667453647231650|07|2026|002
4628887980432615|06|2030|203
5483284355617908|11|2026|957
4270610003207355|02|2027|297
4389460439128157|01|2028|601
4258168628262491|11|2029|924
5326145860364784|01|2029|379
4554251665911062|06|2026|079
4960780015818492|03|2027|830
4403935369601259|08|2028|534
4111779078223754|12|2030|879
4573537733097380|07|2029|968
5585008010812753|09|2027|859
5324786774031340|01|2029|463
5333173135447938|08|2029|391
4198117166932851|11|2026|366
5333171203364589|08|2028|249
5154620077766242|12|2030|708
4147148463320781|11|2028|154
4480606795658249|06|2027|813
4465917651907888|03|2027|970
4386043671945703|03|2026|450
4436200932098983|12|2028|918
4064197837142388|06|2029|306
4546179477715010|06|2026|749
5124405024340219|04|2026|712
5663410748892724|05|2026|217
5996495942528602|08|2026|478
4375799018685541|02|2026|185
5162529974104706|12|2026|780
3564158491243570|07|2030|512
5118158661781041|01|2027|637
5280104950228742|08|2027|939
4386759013500860|12|2028|791
4258084542896258|04|2028|760
4375468763405931|11|2027|506
4347692062696032|03|2030|156
4482330166711143|11|2027|438
4403931816037148|02|2026|121
5578360002544350|02|2026|381
5445443786427751|02|1931|734
5523726507108022|04|2030|392
5424364701099407|07|2026|468
5211318614922540|06|2028|570
4185649622127952|09|2028|214
4147081984206017|07|2028|476
4280970994872924|01|2028|261
4347692062608284|03|2030|822
5164713994512043|11|2029|552
6258142608001976|01|1933|227
4411040535611942|10|2030|576
4159890633045500|11|2026|616
4400661680357552|12|2026|878
5413759143880921|10|2027|121
6258142608004186|01|1933|545
5151045340281576|03|2028|412
4496330251679852|07|2026|181
5379412393177125|10|1933|215
4363243659049620|03|2028|643
4079911589491832|11|2028|096
4427905170033721|10|2026|812
4297716126983316|09|2030|017
4980224433844851|03|2026|699
4959437545012392|07|2028|713
5410712180620612|07|1931|750
4266130206379949|03|2030|413
5522574363875347|07|2029|482
3540938290851163|12|1931|964
4258434412313829|04|2026|117
4293205242945445|03|2028|254
4662034831484381|02|2030|645
5328630602897348|04|2026|208
5218760010217368|04|2028|168
4751448579841630|02|2027|375
4472862466541202|08|2030|407
5343960523185411|12|2030|856
5261020002813294|09|2027|510
5105045632611420|05|2026|526
4305453436253319|05|2030|259
5408450802601405|04|2030|784
============================================================



============================================================
📅 Time: 2026-02-23 19:37:26
👤 User ID: 5456722104
👤 Username: @GsTJUBAAA
📋 Mode: clean
📊 Cards: 397
------------------------------------------------------------
4239530086105914|07|2027|336
4033754040692951|03|2027|116
4002712001152800|01|2027|259
4031631130534073|07|2030|477
5502093332325015|02|2031|141
4217835094214517|12|2027|667
4599144104494773|08|2027|925
4848100087504383|12|2028|382
4929407443516387|08|2027|201
4188202154334062|12|2031|527
4283322148887126|09|2032|261
5351203340591027|05|2027|810
4106261334705012|05|2027|324
4246315368345862|02|2026|674
4031630154824907|12|2029|671
4031630268167946|05|2030|579
5333171236259749|08|2029|293
5579090064164107|12|2028|200
5401918011349526|11|2027|782
4031630514125466|04|2030|314
4000223550827653|12|2029|570
4017954232566969|06|2028|008
5336050113991359|06|2032|456
5143772547458431|01|2027|062
5154620020912117|10|2029|762
4188202159398880|04|2032|269
4758330022925918|10|2027|818
5333171155276286|03|2027|529
4599144104339655|12|2026|345
5222050155454511|08|2031|464
5169381001448117|09|2026|500
4403933521168887|11|2026|541
4937242010301784|02|2028|916
4737034056358162|11|2026|919
5399820709744238|05|2028|924
4553570458167116|06|2026|733
4552051008196765|05|2027|698
4211021820170002|10|2026|612
5410960104875081|05|2028|609
4403931771899631|03|2027|475
5154620020970818|10|2029|750
4599144105256585|11|2028|150
4737020035181890|03|2029|534
4616800036302363|05|2027|864
5318760015338598|02|2029|997
4506180039779559|06|2026|916
4382890003697632|07|2026|184
4622445650869214|06|2026|134
4003448001221787|11|2028|368
5226861755920685|09|2027|002
5312600452177115|01|2030|242
4283322139201113|01|2031|494
5333171141760732|02|2027|079
4377660102209002|11|2028|403
4031631535376914|10|2030|427
5318760020605718|04|2030|698
4031631850468759|11|2030|575
4031630160115241|04|2029|176
4327390067364185|11|2028|737
4929400296574611|09|2026|340
4658877548761517|01|2034|169
5154620020976617|10|2029|660
4031630301797154|06|2030|353
5167953146995285|11|2028|731
5491862037282488|01|2031|380
4848100065895480|08|2026|903
4147400419298516|08|2030|643
4862080002511732|06|2029|496
5460150032076650|08|2026|629
5400580846036016|09|2029|490
5520380013462391|08|2027|980
4342580238069488|02|2029|909
4445390021396916|07|2028|205
4141700008066414|03|2029|130
4117704095431341|09|2028|791
4610460334730199|09|2030|534
4347697102504203|03|2028|765
4404340010069262|04|2026|911
4295441855279917|02|2033|779
4748381087720788|07|2026|440
5143773914883698|12|2029|089
4758330006317322|03|2026|518
5494294831249058|10|2027|041
4342562504429026|08|2028|431
5156768056395687|02|2028|433
5188681402375687|05|2028|385
6221575244455326|09|2030|740
4659435431595861|10|2029|912
4031630122447492|05|2029|009
4239530064318307|10|2026|502
4031630594047069|06|2030|708
5424324677273782|09|2028|174
4514011823577414|08|2027|302
4003449601360900|04|2029|468
5156769708462669|01|2028|901
4599144105647627|06|2029|525
4570665015278072|07|2029|756
4403931650282602|03|2026|096
4240320489105506|04|2030|496
5539620044057358|09|2031|705
4985032162108884|01|2028|602
4475883510371310|12|2028|179
4157130638685006|04|2028|539
4232232109604778|02|2029|998
4060000091053073|01|2030|368
5275150097068316|09|2028|775
4935310222269107|07|2027|607
4417701003819630|10|2027|058
5275190187801689|12|2029|211
4835610444374408|02|2029|059
4505530251383186|09|2027|414
4293132298059055|01|2027|269
4737028056707170|02|2028|272
4031630939381678|11|2029|490
4031632062563171|09|2030|904
4519930303872091|09|2032|561
4217835025454117|06|2027|084
4031630439003640|09|2029|750
4366880071327105|05|2028|777
4165984053425805|08|2028|827
5156767951197156|02|2028|562
5577000611384472|05|2029|094
4848100072931393|10|2027|175
5389895357441016|05|2026|351
4342570040011430|10|2027|625
4940197153378970|07|2032|786
5414963811008703|05|2028|268
5108750584486930|08|2041|278
5106120000508430|08|2041|017
4147400458763230|02|2030|385
4239530065762487|11|2026|912
4599144105164185|10|2028|440
5196035030121775|05|2026|696
5193112070030712|07|2029|505
5120899006537111|01|2030|112
4031630751218107|08|2030|738
5598880651292056|12|2042|813
4347697119756614|12|2029|717
4737028052337295|04|2027|791
4744760306436140|12|2029|908
5521154009144530|08|2027|582
5222050151990492|05|2031|446
5220940247812985|07|2029|275
5194690008076153|07|2028|148
5162921725296115|10|2031|298
5256103743731517|01|2027|000
4022447424121118|06|2030|953
5113452649836877|09|2026|365
5196033520087648|01|2034|682
4315037538609193|07|2027|617
4553570287436104|09|2026|396
4232230186019217|07|2026|899
4347697100935110|12|2027|729
4599818067993158|03|2027|730
5333171173206711|07|2027|406
5312600158955772|06|2028|585
4217832091707817|01|2027|388
4031630188128101|03|2030|239
4217836018478410|05|2027|312
4342587004116195|09|2028|194
5131653693452457|09|2029|955
4427893834969284|09|2030|752
4430473037698363|03|2027|916
4605733614884515|10|2026|536
5196031504608561|12|2033|755
5361940717799653|01|2029|021
4737033046138817|10|2029|066
4022880409115517|11|2032|899
4519912125348823|05|2027|253
4781922507229823|08|2027|971
4599858141763672|12|2027|989
4815820278133309|03|2030|183
4000223482682507|09|2029|230
5491862024805317|04|2028|930
4848100097999953|03|2030|230
4848100067803326|12|2026|921
4031630992444298|06|2028|433
5258285597064216|07|2026|076
4283322144305107|05|2032|918
5414963800526434|01|2029|156
4465400427133246|01|2028|168
5331910040503681|04|2030|378
4411037149258797|03|2029|352
4605733614960588|01|2029|230
4031631236197817|03|2030|904
5299420014189400|10|2027|958
4842810731807430|06|2028|928
4541860003181794|09|2029|496
4929491623278273|08|2030|152
4000222970347607|11|2027|197
5539620028855991|05|2029|857
4940197151992665|01|2032|248
4347697099166107|10|2027|097
4985032103725507|01|2028|085
4117760017003709|09|2029|807
4848100082846953|09|2028|686
4382890003035973|04|2026|238
4006822012703115|12|2027|238
4403934037449787|06|2026|672
5488093815049742|10|2029|713
4848100086567571|12|2028|519
4569332326210590|05|2029|863
4263705962654602|02|2039|055
5196038414016363|10|2027|868
5205936126976064|09|2027|426
4005360032822491|03|2030|450
4935310227837106|09|2027|367
4737029196413307|12|2028|852
4347690234016774|08|2026|185
5178058998517661|05|2027|040
4322071003589938|05|2031|330
4472270037981115|01|2029|260
4848100079942765|05|2028|806
4879170033372203|06|2028|992
4126740687715930|08|2028|448
5167953133130466|10|2026|984
4232232058609117|01|2027|566
5120899005653323|11|2028|299
4217835099786618|07|2028|896
4929400257583767|03|2028|600
4748381045679738|07|2027|676
4432646572781052|04|2030|036
4833130064826803|12|2028|459
5511995015358007|03|2032|728
4359720281706509|02|2029|524
4806660118692085|08|2029|675
5400419009653012|03|2027|161
4033754030040278|09|2028|800
5400580847446677|11|2028|593
4232232086185692|07|2028|032
5312600537756289|08|2030|885
4940197142585594|11|2029|491
4347692044762092|02|2028|142
4632252063340108|08|2029|031
4031630959082727|10|2029|853
4828120079597546|06|2029|918
4031630594943085|04|2029|203
5163610225255866|10|2026|254
4605733613010682|06|2029|215
4815820662536182|08|2029|392
4345591083536999|08|2026|994
4493519700507341|10|2038|521
4229680048443317|08|2028|988
4364484100436326|11|2028|369
4342561101141430|03|2029|411
4239530090915415|06|2028|321
5167953136928817|01|2027|344
5321962005460078|02|2026|898
4117730125805691|05|2030|439
4031630661297209|10|2029|943
5126065015631055|09|2030|362
4386759013374118|11|2028|447
4386795055578018|08|2029|379
4365010002858769|12|2029|665
4295441583067410|11|2032|112
4758330011098610|10|2026|908
5425430165099917|06|2030|915
5243250302818700|05|2026|120
5129925332699456|08|2028|968
4553570476120113|01|2029|686
5305148009834803|09|2028|608
5432930001443626|08|2029|166
4342569013799880|12|2028|559
5414963804614566|09|2027|336
5527740317611717|03|2030|607
4766642614924046|09|2026|246
5213331260572764|10|2026|555
4031630103548896|02|2030|115
5463257929568884|06|2029|705
4031630665325774|04|2029|320
4645320000032651|08|2031|394
4432646573244290|07|2030|882
4165983720863208|03|2028|639
4985032079410977|01|2029|202
4603321046471283|05|2028|760
4632252070571281|11|2032|646
4005360039601500|11|2039|327
4430473009080442|01|2082|594
5222050157658911|12|2030|431
4342562484580384|12|2027|877
5210690445821559|04|2027|327
5170213509732063|06|2026|428
4165490322752201|09|2029|173
4207670237928174|05|2030|064
5196032143826507|09|2026|897
4000222478614680|02|2026|990
4003448482111713|12|2026|189
4232231113509304|01|2028|330
4207670344342467|02|2031|433
4622390968628086|11|2027|383
4152779414059110|08|2028|880
4100390635363746|06|2027|791
4813880025964101|04|2026|342
4342562495823781|07|2028|847
4417704016308070|08|2026|802
5196036584503301|02|2026|732
4207670324695967|02|2030|920
5211050016861006|11|2027|207
4833120131335383|11|2029|796
4342570054431482|08|2027|147
4031630988502810|08|2030|176
5429662653674340|07|2026|819
5509890034800309|06|2028|457
4304450803070863|03|2027|586
4384213000267465|08|2029|475
5333171129697765|07|2026|141
4000220935842787|04|2026|659
4403933661022266|07|2028|645
4365020181189407|01|2029|124
5167953220292542|09|2028|959
4232230282045082|08|2029|536
4031630173973578|01|2029|292
4355460685172578|01|2027|485
4347697114713412|06|2029|209
4031631835269223|10|2030|284
4088326043895271|12|2030|279
5196032174656914|05|2028|316
5425430190840574|04|2030|597
4447962426960831|03|2026|971
4188202145245906|06|2031|216
4246051245854111|01|2028|122
4162950147952172|07|2027|878
5264711028560185|07|2026|163
4031630410163330|09|2030|383
5286672075539247|12|2027|520
4000223287285688|01|2029|613
4792471280426963|02|2027|540
5086880505788001|11|2030|632
5548019700329202|04|2027|632
4239530000646613|05|2026|846
5108750346462518|08|2027|541
4512959548253673|04|2030|930
5210690398440308|07|2028|154
5143772858481832|07|2029|764
4557016850077707|05|2027|293
4003449918267673|02|2027|260
5196037357500888|11|2029|733
5399820016142498|09|2028|993
4031630689844016|05|2030|353
5265580022325252|01|2028|855
5264980106933487|04|2029|104
5318760019938997|10|2029|230
5509890036650298|08|2028|827
4985032014049682|03|2027|597
4017954238222195|08|2028|792
5175461471528523|09|2029|836
4603321061414713|02|2032|771
4006102000167999|04|2027|903
4833160310929689|06|2030|932
4347697118098414|10|2029|623
5435682201111357|06|2026|567
4090142170213923|11|2028|388
5332480382501403|04|2030|946
4842810730440282|08|2028|080
4347697196583204|05|2028|353
4693080250765670|12|2027|845
5305148002391603|09|2027|359
5239620764718695|09|2026|692
4240320422854913|01|2030|318
4147342066962541|03|2030|447
4147400206952440|11|2027|985
4385953003082200|04|2026|845
5143773061933114|04|2030|234
4693080250223894|11|2027|061
5334960185318517|03|2028|387
5169381001447416|09|2026|425
4848100082569423|09|2028|366
4680056031745350|04|2029|883
4031630623868113|06|2029|557
4000222762875518|02|2027|933
4553880118041118|10|2029|867
4263547664142803|08|2028|655
5205812316721018|12|2026|318
4848100081681088|08|2028|779
5577557988488053|04|2030|714
4628450068636266|09|2028|657
5196032150318000|02|2027|497
4513680665355500|03|2028|305
4839505376635485|03|2026|227
5470790000417770|09|2026|543
4985032126706005|12|2027|757
4031631962848252|10|2030|327
5265580023381296|05|2028|826
5366190051445696|10|2027|608
4342570057605975|08|2027|507
4397070133401337|09|2027|021
4610460335649190|10|2030|686
5401873768013504|04|2029|658
4000223052497096|03|2028|862
4929408525192063|09|2029|530
5509890035581064|07|2028|927
5232249013289493|11|2027|910
4342562482075098|03|2028|281
4796260192698470|04|2029|774
5424325229261845|04|2028|941
4377660102150552|08|2028|454
4323210008337526|12|2028|619
============================================================

============================================================
📅 Time: 2026-02-23 21:04:29
👤 User ID: 5449258093
👤 Username: @Tadygamerytback
📋 Mode: clean
📊 Cards: 47
------------------------------------------------------------
5557530039048428|04|2027|690
4263705004814677|04|2027|716
4358800494802880|11|2027|136
4847185311615346|06|2027|100
5445446732984692|05|2026|639
4165490146554361|09|2027|527
4134440068823193|06|2029|213
4118101088800419|03|2030|045
4097580126232419|05|2030|080
4097581564531171|03|1932|986
4941490047794174|12|2029|896
5336213024807672|06|2026|034
4263708087479137|06|2026|514
4748381857224029|12|2028|892
4133310494321628|07|2027|573
4250160002630045|11|2027|238
4097580139131459|05|2030|629
4107930004896645|04|2026|728
5445446921133960|09|2026|701
5218707043738472|04|2026|955
4046011194870627|03|2027|697
4748381185882977|02|2027|662
4097580767775403|12|2029|378
5456600113287259|01|2030|669
5426878505241806|03|2027|134
5295800098763093|12|2027|350
5590490202950505|08|2027|165
5164887848580156|08|2028|764
5113402897954112|06|2026|999
5295800101261218|07|2027|998
5205245011908244|01|2029|506
4097581885567839|12|2029|243
4343402667710913|08|2027|296
4112380078707299|05|2027|073
5579083025754017|11|2027|080
5275970002010669|07|2028|490
4118100047236780|04|1934|458
5155490710896304|10|2026|228
4097582200598087|06|1932|350
4767770019254385|12|2028|958
4991880021516206|03|2027|848
4748381464165664|04|2028|567
4934523017089404|12|2029|811
5410711460535086|12|2026|603
4118103716099042|09|1932|940
5557530081149272|06|2027|312
5113321361883104|11|1932|983
============================================================

============================================================
📅 Time: 2026-02-24 00:27:28
👤 User ID: 6299808404
👤 Username: @Cypher099
📋 Mode: clean
📊 Cards: 1996
------------------------------------------------------------

============================================================
📅 Time: 2026-03-02 19:10:19
👤 User ID: 6299808404
👤 Username: @Cypher099
📋 Mode: clean
📊 Cards: 193
------------------------------------------------------------
4097581516249302|05|1933|055
4601860019831769|01|2028|093
4847188893818643|06|2026|342
4361273045944046|12|2030|936
5393741134233272|02|1932|578
4946380190853809|06|2027|802
5336214843876708|04|2027|435
4263707592910107|06|2026|986
4991190012035103|06|2028|282
4361271019704164|12|2030|009
5554491101556298|04|2028|616
4847180248328071|05|2028|586
4848041008723449|08|2029|268
4263702149574274|04|2027|033
5597581449252078|05|2027|029
4748380944615520|07|2027|443
5113320535313113|01|1933|668
4638460014633075|02|2028|907
5510290084388502|05|2026|645
5164886388026414|06|2027|569
377297312032011|12|2028|0014
5328398702400047|08|2026|704
4263700105694169|04|2027|394
5510290093814951|03|2027|817
4263704885208919|06|2026|065
5151421350919159|01|2029|754
4758330013938995|12|2026|080
4358803235558118|01|2030|060
4358809489279376|11|1932|819
4097581635841138|12|1932|715
5327501025142664|04|2027|623
4097583039870762|03|1933|752
4097582322677801|02|1932|851
4118103330028492|10|1931|932
4358803936861407|03|1931|258
4852464750812348|05|2029|222
4263708320106133|06|2026|865
341278947872008|04|2028|2525
4189470701626392|03|2030|029
5167400102765583|01|2028|359
4343402593218809|10|2026|883
4748381264944136|07|2027|972
5267980010623866|06|2028|367
5336212086307175|04|2027|593
4847181069250089|10|2027|050
4847183659626918|05|2028|053
4133310578746286|01|2028|237
4133310429169357|05|2027|247
4912774437659377|11|1932|408
5328391298151728|12|2028|790
5557530036848341|01|2028|325
4852464931105992|10|2029|628
4263709270584717|04|2027|247
5113409168461016|04|2027|181
5510290113925753|04|2028|270
4498678105998490|11|2029|121
5597580953345757|06|2029|120
4791247761998899|11|2027|536
5113320229991612|03|1931|357
4847184895623180|04|2028|948
5447685677034017|08|2026|369
4263706989918921|04|2027|668
4264064342746582|12|2027|483
5583410090151304|01|2028|326
5253621049887033|10|1933|467
4847189049127368|05|2028|669
4847185052489810|09|2028|341
4802073000388453|07|2027|340
5265345800614933|12|2026|110
4361271011019603|12|2030|021
5372060010284357|10|2030|598
5336219097458764|04|2027|306
5328393168038837|05|2028|808
4426441096842962|07|2027|399
5410715881876060|11|2027|329
4046090097764855|08|2029|438
4097583293673001|04|1934|014
4033060011432306|05|2029|183
5355766050564026|12|2029|079
4847184686297004|05|2028|035
4361273024024752|12|2030|715
4847183072459608|06|2027|564
4097580776128040|01|2030|544
4358360508091723|09|2026|466
5253621706893274|06|2030|681
4142380190952967|05|2029|933
5253620019451101|07|1931|377
4294138043570063|03|2027|670
4472270011009925|10|2028|586
4263708660087687|06|2026|596
4263706694107141|04|2027|906
4177490197860671|08|2029|152
4263700322815563|04|2027|286
4748381183782500|05|2028|368
4263705808792590|06|2026|386
4498674978971375|11|2029|103
4046011203073759|05|2026|973
4848041017443252|05|2029|520
5354510227270021|05|2030|486
4097582660231062|09|1932|690
4361271002370650|11|1931|093
5510290094405007|09|2026|484
4133310402297373|09|2026|459
4718300004966866|02|2027|902
4731219655607731|07|2028|493
4361275000322134|07|2027|371
4169941801400189|09|2027|667
4097580573613434|02|2030|908
4118101225543260|07|2030|811
5311068843087875|05|2027|127
4851410002251604|02|2028|634
4748380916311025|07|2027|417
4112380062233559|05|2026|745
4097582114276325|02|1931|363
5456600105761873|10|2029|623
5328395514489481|02|2027|312
4611260036722612|06|2026|417
5545506676643007|01|2028|073
4358802711369883|11|1932|006
4847188676007034|05|2028|622
5151012000147182|10|2026|167
4358800698792663|06|2029|056
5108405803830547|06|2027|304
4578890000802874|11|2026|863
5295800016543429|10|2027|471
4266279991115347|12|2026|386
4246427718309983|12|2029|755
4511290550336672|12|2029|978
5113409168133052|04|2027|863
5399767100082850|01|2027|266
4688390622767479|05|2029|879
4142384774793524|10|2028|625
4263704190440132|06|2026|227
4334190002867446|10|2029|071
5155491896636803|01|2029|586
4263701880898108|06|2026|990
5143960001758707|04|2027|256
5467020048896925|10|2028|345
4097580786168473|05|2030|610
4187022105087184|06|2026|793
5113402168638600|04|2027|003
5203560016889096|04|2027|845
4358805129589828|08|2030|392
4028780017466316|07|2029|185
4758330022377813|08|2027|038
4748381142701831|11|2026|729
5107376810656095|03|2029|860
4118103544880977|05|1932|299
5113320586628062|02|1933|835
4852464969007714|09|2030|026
4748381432239336|07|2027|017
4142386467055020|09|2028|920
4852464879268877|06|2029|303
4263705976937928|04|2027|312
4097582392176932|03|1932|977
4748382164722267|12|2028|044
4118100621804466|05|2029|645
4263703841420709|06|2026|417
4263709331388447|06|2026|201
4767770097730405|03|2026|136
4364340005649928|01|2028|784
4758330017182442|06|2027|713
4229671102512790|08|2026|357
5113320429034817|03|1931|190
4142380001203238|06|2029|191
5328398556454272|04|2028|802
4118101064334748|02|2030|952
4028780072112367|09|2028|036
5354510227066148|11|2029|498
4852464880371322|01|2030|894
5295800060213457|04|2026|683
4037660179703749|05|2026|985
5336214871765849|04|2027|439
5510290085138559|03|2026|699
5113320438775277|04|2027|052
4097581038390964|06|1931|511
5314620077085715|04|2027|380
4030150388807249|10|2028|543
5597581019455556|02|2029|300
373912152361007|07|2026|3874
5210690547756935|11|2027|528
5381590006096695|01|2028|997
5510290082699397|03|2026|560
4850970008633346|04|2027|674
4118100998832751|11|2029|872
4263700463678721|04|2027|534
5218702027555125|12|2026|086
4263706059584504|06|2026|102
4860985109059116|08|2026|541
4263704457423987|06|2026|408
4263705305349209|06|2026|396
4039959760851067|03|2028|174
5498250007737199|06|2027|566
============================================================

============================================================
📅 Time: 2026-03-03 18:24:17
👤 User ID: 8243932659
👤 Username: @seducing_angel
📋 Mode: clean
📊 Cards: 2345
------------------------------------------------------------
5521154000235345|02|2026|011
4182308706317152|03|2029|659
5400697010764064|03|2026|393
5400697010693727|02|2032|556
5400692594563909|05|2026|648
5497821804616512|04|2026|252
4119110003382709|09|2031|372
4119110062283921|05|2028|144
4119110062135139|02|2028|086
4119110004610660|08|2031|840
4119110004486079|03|2031|770
4119110004412547|01|2031|750
4162057041905007|03|2031|067
4147633920145301|09|2031|237
4105239910330604|04|2029|089
4147635028646809|08|2028|635
4023103700920686|09|2030|986
4003590043480002|05|2029|488
4147633702036207|09|2030|047
4029237721672407|06|2030|109
4029237700895946|03|2030|845
4025551000176045|02|2032|598
4871040475254102|05|2029|655
379221886232011|03|2029|8647
3541036845571144|10|2026|020
3528910430650009|05|2028|325
4029886038336401|10|2027|579
3569890001328757|08|2027|330
3565180048191861|08|2027|273
3565180064340285|08|2027|661
3565180060760304|11|2027|276
3565180033965428|04|2028|042
3573910618638465|12|2029|413
3569890004731437|07|2028|963
3569890001421263|12|2027|965
3565180069357110|11|2026|848
3565180069186501|03|2029|655
3565180055524418|08|2028|096
3565180052678894|04|2027|826
3565180050077586|03|2027|970
3565180002664093|05|2027|262
3565180038964574|08|2027|015
3565180033885444|08|2026|799
3565180027445767|05|2027|115
3565180025372377|05|2027|164
3565180007924807|09|2027|772
3564580003190298|01|2027|660
3564570000041065|11|2027|719
3565180000150830|06|2029|536
3565180027165399|11|2026|801
3565180044052554|03|2028|961
3565180046936119|06|2028|147
4363452800409811|03|2029|676
4770282804533564|07|2028|653
4155682002671261|01|2028|981
4155682005070537|08|2028|936
5196032058791126|11|2028|578
4386680023744126|08|2026|994
4386680030253111|02|2026|335
4386680024067121|08|2026|368
4386680023554111|08|2026|559
4386680015653137|02|2026|482
4386680016424116|09|2026|233
4386680019099121|11|2026|953
4386680012571118|09|2026|792
4188984901192758|10|2027|988
4188984901195348|05|2027|825
5196032137197485|03|2026|036
5196032136956113|03|2026|515
5196032136558521|02|2026|701
5196032136329907|02|2026|617
5196032119988273|09|2029|573
5196032076402961|11|2028|329
5196032111959637|11|2028|595
5196032095240301|12|2028|168
5196032105111849|01|2028|453
5196032076262944|11|2028|981
5196032068238134|10|2028|008
5196032061897225|10|2028|343
5196032062589334|11|2028|200
5196032062584624|10|2028|331
5196032057484095|09|2027|941
4377099510093650|06|2026|520
4178616668772172|08|2026|319
4009937024596005|05|2029|037
4009937020205114|10|2026|920
4009937009270006|09|2028|168
4009936993423001|05|2027|587
4009936976879005|11|2026|654
4009936955663008|10|2027|173
4009936956894016|10|2027|837
4009936941431015|04|2027|726
4009936923879009|04|2027|121
4009936843784008|07|2027|015
4514617630263657|11|2026|327
4514617586853477|07|2028|202
4514617571900036|05|2028|896
4514617565858240|09|2027|083
4514617563166257|08|2029|857
4514617547338238|08|2029|563
4514617536179700|05|2029|821
4514617532164078|06|2028|548
4514617524264191|08|2029|642
4514617523992420|08|2028|090
4514611696442784|06|2029|577
4514610804020052|06|2028|978
4514610802122512|03|2027|720
4392268381240036|06|2026|342
4392260807863335|04|2027|961
4392260038923155|08|2028|333
3565180006131941|06|2029|997
3586220000302273|07|2027|776
5497821804955076|11|2026|118
6258433800794611|10|2029|550
3565180007996888|06|2029|962
3584193499050608|08|2028|501
3573643367031273|05|2029|907
3573722416391043|10|2029|925
4585819997581986|12|2028|156
4585819804074472|05|2029|971
4585814019941524|08|2028|572
5497821704606456|09|2028|256
3563420004811405|10|2026|860
3587467185147937|08|2027|429
3569890001854380|01|2028|772
3541746051731048|09|2031|712
3565180026158114|05|2029|727
3569890002807395|10|2029|709
3541042446751044|08|2031|885
3563420005587020|10|2028|718
3541040413141017|04|2030|132
3569696158408882|04|2031|086
6233209900716476|06|2028|049
5188609422262114|07|2028|688
4966881044189436|08|2026|828
4016180000055933|11|2028|870
5196032145245870|09|2026|662
5196032145172025|09|2026|779
5196032145118457|09|2026|329
5196032144279656|09|2026|862
5196032144793433|09|2026|275
5196032144776198|09|2026|533
5196032144668858|09|2026|484
5196032144606320|09|2026|015
5196032144503188|09|2026|084
5196032144359912|09|2026|274
5196032144294523|09|2026|794
5196032144058191|09|2026|488
5196032143701007|09|2026|424
5196032143635122|09|2026|879
5196032143532782|08|2026|202
5196032143402598|08|2026|702
5196032143385215|08|2026|025
5196032143288310|08|2026|746
5196032143075428|08|2026|974
5196032143003115|08|2026|865
5196032143007926|08|2026|941
5196032142651310|07|2026|205
5196032142325642|07|2026|345
5196032142390729|07|2026|709
5196032142300371|07|2026|880
5196032142007703|07|2026|380
5196032141869731|07|2026|145
5196032141818563|06|2026|794
5196032141711065|06|2026|997
5196032141622239|06|2026|979
5196032141282802|06|2026|329
5196032141194163|06|2026|923
5196032139955120|06|2026|007
5196032140876059|06|2026|286
5196032140815008|06|2026|399
5196032140394277|06|2026|388
5196032140206265|06|2026|682
5196032140160496|06|2026|166
5196032140136108|06|2026|035
5196032139940270|06|2026|362
5196032139792721|06|2026|298
5196032139805838|06|2026|337
5196032139782375|06|2026|149
5196032139360115|04|2026|613
5196032139391334|04|2026|292
5196032139340372|04|2026|346
5196032139234302|04|2026|262
5196032139189902|04|2026|754
5196032139118877|04|2026|548
5196032139117929|04|2026|662
5196032139116103|04|2026|996
5196032138768730|04|2026|004
5196032138767625|04|2026|594
5196032138677758|04|2026|459
5196032138399668|04|2026|860
5196032138430885|04|2026|818
5196032138365446|04|2026|246
5196032138332602|04|2026|983
5196032138216482|04|2026|287
5196032137874224|04|2026|078
5196032137735250|04|2026|920
5196032137617128|04|2026|376
5196032137481228|03|2026|321
5196032137371353|03|2026|632
5196032137287021|03|2026|288
5196032137148686|03|2026|920
5196032137136004|03|2026|262
5196032137105454|03|2026|852
5196032137071011|03|2026|887
5196032136610561|02|2026|086
5196032136734999|03|2026|543
5196032136577844|02|2026|697
5196032136267529|02|2026|489
5196032125583639|02|2042|505
4258608306734238|02|2032|523
4258608302039301|02|2028|751
5196032174609178|05|2028|247
5196032174725040|05|2028|713
5196032174686762|05|2028|634
5196032174643243|05|2028|644
5196032174653119|05|2028|872
5196032174593711|05|2028|983
5196032174574521|05|2028|145
5196032172518405|04|2028|118
5196032172272466|04|2028|810
5196032172124881|04|2028|976
5196032172259463|04|2028|482
6262965140050109|06|2027|442
5196032171574490|04|2028|882
5196032171572791|04|2028|192
5196032171548197|04|2028|535
5196032171522895|04|2028|655
5196032171497205|04|2028|602
5196032171495621|04|2028|898
5196032171350065|04|2028|424
5196032171156017|04|2028|756
5196032171126523|04|2028|306
5196032171069434|04|2028|268
5196032170981639|04|2028|005
5196032170783563|04|2028|082
3587300330853937|07|2028|552
3564580004122746|05|2028|257
4931952000158756|03|2029|504
4557281017757043|02|2032|579
5336539710773871|05|2026|503
5336539710788291|10|2027|338
4094400018068560|07|2027|083
4094400238885306|07|2028|194
4258608306861130|01|2028|439
4258608306847006|02|2027|915
3573767152191016|06|2030|439
3565350010750859|05|2031|886
3563420004809102|10|2026|550
5120899004759725|10|2027|329
5120899004721857|10|2027|630
3587611743148008|03|2027|721
3563420002685587|03|2026|239
3563420005474104|05|2028|674
3563430000800971|03|2029|314
3586020001852874|01|2028|680
3584030414649918|02|2042|122
3541041175191042|10|2030|029
3565350000319970|09|2029|681
3541697520531271|06|2031|687
3584030158395165|11|2028|654
3563420004829431|11|2026|431
3541690651331140|06|2027|053
3563420003795724|10|2028|135
3542795541681163|08|2028|944
3584199444114407|12|2029|710
3541040136701006|02|2030|255
3563430000891392|06|2029|004
3568128705391164|01|2027|842
3541001746161528|02|2028|025
3565360101899135|07|2030|154
3565180065201403|10|2029|900
3569696158038408|04|2031|257
3565180000926445|03|2029|111
3587612130643437|09|2027|622
3573656201721065|04|2030|695
3541028287591037|12|2029|783
3563500102076371|06|2029|979
3565180005446407|07|2029|747
3565180067517046|05|2035|620
3563420005841666|09|2029|940
3540357816941186|03|2030|514
3584030119210941|09|2027|256
3563420003283838|05|2027|741
3564187701998780|12|2027|751
3565180017067068|05|2027|066
3540444983381048|10|2029|484
3565180054618872|06|2029|871
3565180012708765|07|2029|085
3565587807194300|10|2031|344
4871047219561114|06|2028|767
4871046584662085|03|2029|466
4871040468400142|04|2029|001
4871040352110583|03|2028|154
4796560018659063|02|2028|945
4796550011398231|09|2027|715
4454715894265715|04|2027|307
4236085471161132|10|2028|538
4236083774219129|11|2027|561
379221598782006|03|2026|9170
379221357532014|10|2027|1019
379221553993002|05|2029|1867
4155682005428628|11|2028|960
5120899006050446|06|2029|533
3565180011962991|07|2028|223
3565180054546388|06|2029|076
3565350001704030|03|2031|294
3565180048156559|02|2029|828
3584030168046246|08|2029|745
3565180031641740|11|2027|123
3565180061048659|11|2027|631
3565180015940332|03|2028|112
3565180059946450|10|2027|877
3573655553171002|02|2030|875
4608887805630108|12|2028|161
4608887805310180|10|2027|321
4608887805349642|01|2028|700
4608887805262134|05|2027|995
4608887800888073|10|2029|461
4608887800881243|10|2029|280
4608887800820167|08|2027|951
4608887800815308|10|2028|087
4608887800795096|08|2029|452
4608887800778845|08|2029|194
4608887800769794|08|2029|868
4608887800773283|08|2028|359
4608887800748814|11|2027|405
4608887800741421|07|2029|454
4608887800715078|06|2029|181
4608887800693697|10|2028|663
4608887800655944|05|2029|750
4608887800582676|09|2027|539
4608887800556787|10|2028|905
4608887800354423|07|2027|070
4608887800339580|08|2027|813
4608887800334581|09|2027|103
4608887800282517|05|2027|770
4608887800242339|10|2027|028
4608887800238964|10|2027|291
4608887800232215|02|2027|781
4608885904837442|09|2028|807
4608885900384464|10|2029|686
4608885900370703|08|2029|256
4608885900351984|06|2029|238
4188984906771655|03|2029|223
4188984906771887|03|2029|117
4188984905818028|09|2029|276
4188984901961426|03|2028|674
4188984901672148|09|2028|728
4188984901534306|04|2028|330
3565180001375329|06|2029|265
6258420800124311|06|2029|810
6244050100369287|07|2027|843
5185420011442007|12|2028|952
4938970144400010|02|2026|271
4938630154341930|10|2029|577
4863303420220028|06|2029|907
4863301949000012|02|2028|134
4835199745110059|07|2029|098
4835198078220022|10|2026|919
4863300230000038|08|2029|578
4548892025307282|11|2027|721
4100410420793301|11|2028|761
4100410600274726|08|2028|833
376397643753003|08|2028|3532
377114211834001|07|2027|5447
377113337471003|02|2026|2666
5210788800042066|12|2032|552
5185420012984593|07|2031|439
5185420012579310|04|2031|357
4760734127740005|08|2026|868
4557291004613869|10|2027|480
4557281019507180|11|2029|802
4557281013590802|10|2028|890
4557281011301467|10|2026|804
4557281012814559|07|2027|906
4504050172865477|08|2030|283
4366050229511535|09|2028|338
4201840016708057|02|2027|664
4201840008698258|04|2027|791
4006121005752357|06|2026|373
4006121002514388|12|2026|931
4006121000740761|04|2026|908
377114237936004|10|2028|8546
377112413061001|04|2026|0947
376399022843009|06|2028|6022
377111366126001|06|2029|4122
376381866381007|10|2029|9219
376336545482006|08|2029|9773
4221740046234981|09|2027|006
4304450700080296|08|2027|961
4179710287505193|01|2028|084
4103890000003337|08|2028|499
4377660102208848|04|2028|323
4541910670806007|07|2029|959
5465946431852087|12|2028|471
5521154008821880|07|2027|739
4564680031151029|10|2029|875
4312260051957004|07|2026|608
4363452506370911|10|2029|799
4032658883295106|06|2029|336
5222302100484998|09|2029|071
4935310219950107|07|2027|053
5521157400129505|08|2028|321
4593540009482241|03|2029|837
5179888313777007|10|2029|089
4364800001126494|10|2029|459
5509890039687776|12|2029|682
379186139754766|10|2028|9636
3564580002639105|03|2026|725
5455122802660440|07|2029|144
5455122802651498|02|2027|264
5455122802406208|05|2027|814
5455122802215559|08|2027|775
4188984901618679|07|2028|179
4188984901501594|03|2027|134
4188984901344607|02|2028|850
6259988109066432|02|2031|625
5275510001845879|04|2029|315
5275510001832000|04|2029|376
5275510001845671|04|2029|668
5275510001842124|04|2029|880
5275510001822696|04|2029|006
5275510001818678|03|2029|600
5275510001760334|03|2029|324
4363191000016311|06|2028|455
4503070874948901|02|2026|984
4503070866877530|08|2026|710
4503070847574826|01|2029|768
5148826041136904|05|2029|879
5148826041134578|04|2029|287
5148826035704709|05|2026|476
5148826032408601|09|2026|785
5148826031981129|11|2028|187
5148826031956816|06|2026|937
5148826030943401|10|2026|414
4147633770256000|10|2028|496
5400697011128798|08|2029|785
5336539711019456|03|2029|108
5336539710600678|04|2027|538
5321968192214491|12|2029|564
4713531051721227|07|2029|225
5120899005061253|02|2028|468
4147631629279207|02|2028|962
3564580004477025|02|2029|227
3565180066126864|04|2029|814
3565180021931804|06|2029|954
4283682022386838|10|2028|733
5521573053177320|11|2026|822
5497821805032081|12|2026|476
5158819006251823|08|2027|175
4315714014697567|03|2028|582
4315714004518039|10|2027|947
4098641000055679|07|2027|179
4258608301889821|11|2029|387
5181231470061517|06|2029|806
5181231480235739|05|2029|265
5181231480404681|05|2029|097
4002153021940215|12|2028|070
4002150723619501|05|2029|037
4002150477050861|07|2029|641
4363191000348615|04|2027|349
4400660279998925|07|2029|768
4400664627188163|02|2042|112
3587300277160478|01|2029|092
3586220014484448|03|2027|065
3586020001635196|03|2029|267
3569890001704874|12|2027|120
4363191000130302|03|2027|181
5326105302877579|04|2026|275
5326103318871538|03|2030|431
5326103317028601|06|2029|477
5326103317612917|09|2029|698
5326103313708743|07|2027|213
5326103300515416|07|2030|217
5326102319270104|03|2026|750
3563420003377549|08|2027|636
4363191001612225|10|2029|027
4363191001611268|03|2028|222
4363191000529404|12|2027|168
5497821805723465|03|2028|759
5497821805678610|02|2028|462
5497821805311626|03|2027|002
5497821805176003|01|2027|255
5497821802253375|11|2026|918
5497821704543253|07|2028|999
5497821704503679|05|2028|950
5497821704462876|01|2028|440
5497821704012556|10|2026|495
4188984901208059|12|2027|601
5497821704542883|07|2028|396
5497821704610466|09|2028|217
5497821704353638|05|2027|997
5497821704228277|02|2027|427
3563430000970873|09|2029|101
3563430000877698|05|2029|659
3563430000794109|03|2029|940
3563430000456956|05|2029|372
3567773114004303|02|2029|939
3563500101128165|08|2027|792
3563420005952943|08|2029|443
5497821704460847|12|2027|610
5497821704458866|12|2027|905
5497821704438504|11|2027|572
5497821704309101|03|2027|975
5497821704134780|12|2026|469
5497821704125663|12|2026|524
5497821703965184|09|2026|106
5497821701626622|10|2026|359
5497821704088689|12|2026|272
5497821703928117|08|2026|415
5497821703905404|06|2026|897
5400693906892390|07|2029|528
5400692593328239|10|2026|578
3563420005193746|03|2028|996
3563420005200012|02|2028|843
5157217310076203|11|2031|403
5157217004340006|11|2028|732
5157216859810105|03|2030|700
4147633735335204|06|2026|928
4980001494910106|04|2026|890
4413600025054982|08|2029|055
4413600019575075|03|2029|527
4413600017294737|06|2029|222
4413600016077117|03|2029|886
4413600014690135|01|2029|526
4413600010447639|10|2028|601
4413600009791781|07|2029|650
4413600009443748|08|2028|456
4413600005287529|01|2029|390
4413600026261255|10|2029|639
4413600023803745|08|2029|247
4413600022513675|04|2029|770
4413600019154152|10|2029|573
4413600017306002|01|2029|900
4413600017116047|09|2028|561
4413600017143330|12|2028|416
4413600009520586|03|2029|383
4413600007305287|10|2028|038
4413600008518672|11|2029|712
4413600002861896|06|2029|479
340161244291000|09|2027|2976
340148017202009|08|2029|9097
340092702281003|06|2029|7134
340092696111018|05|2029|9052
340092526131004|03|2029|2766
340092527661009|04|2029|6010
340092321351005|02|2029|6571
340092168711006|01|2029|8128
340092153851007|01|2029|0863
340092094601008|01|2029|0474
340090212061006|07|2029|5784
5425504504006716|12|2026|013
5425504504009140|05|2026|796
5425504503793041|11|2026|927
5425504503725761|10|2026|429
5425504503723063|07|2027|779
5425504503688829|01|2027|668
5425504503592492|01|2027|587
5425504503554062|12|2026|841
5548274129902424|09|2028|087
5548275014792713|07|2026|700
5548274101171543|04|2028|092
5548274032482290|04|2029|783
5548274032520545|05|2029|819
6250851621790104|04|2028|960
6233209900936579|10|2031|843
6233209900805956|11|2030|832
4550530109010506|01|2031|499
4550530069036582|03|2031|866
4550530061002244|01|2029|174
3541697922681138|12|2030|310
4677850800380869|12|2027|019
4677850800331516|09|2027|321
4677850501122990|05|2026|150
4677850800255970|10|2026|420
4363341200283753|12|2028|743
4400430224458684|04|2027|327
4400430224332194|03|2026|749
4400430223875136|01|2027|188
4400430216991353|04|2026|218
4400430201756712|08|2026|898
4400430200439484|07|2026|333
4400430200784574|09|2026|891
4042810005504414|10|2028|220
4042810007690013|12|2028|848
4258608303721923|09|2027|090
5321962127397323|06|2030|540
5321962016996110|02|2029|370
5589366660006423|08|2026|401
5589366633036911|03|2027|380
5588930004215106|06|2030|290
5588930002257001|07|2028|655
5546600012922123|12|2028|810
3569890009107989|06|2029|546
3569890002993872|10|2029|792
3569890006907514|06|2029|050
4265620370085505|10|2029|884
4162930087072009|11|2027|677
4155520267909937|08|2029|005
4258608306896474|06|2028|900
5488093704849525|06|2028|800
5488093704843122|06|2028|726
5488093704789168|06|2028|399
5488093704625628|05|2028|114
5488093704374565|04|2028|792
4188984901409756|02|2028|413
4188984901401720|02|2028|935
4188984901273863|02|2028|165
4188984901295163|02|2028|148
4188984901184755|11|2027|298
4188984901134461|10|2027|360
4188984901249533|06|2029|989
4188984901208604|10|2028|106
4188984901137563|10|2027|506
4177490191237520|02|2030|829
4177490110612225|12|2030|729
5441191000106420|12|2028|910
5243601100423533|05|2029|083
4170336053812131|05|2029|696
4777920000146441|04|2032|504
4105201027516624|08|2029|873
4580854000130971|05|2030|262
4580390000299060|07|2026|170
4580200105552489|07|2026|627
4406120003710405|11|2027|423
4403020410112372|12|2027|677
4286090185561451|03|2028|171
4286090139874174|10|2028|569
4286090109630242|03|2029|604
4286090106674573|10|2027|197
4192910600037246|03|2029|151
4132925578014707|05|2027|423
4026450389699538|10|2026|873
4026450381890689|03|2026|785
4026450368143706|08|2026|650
4026450338115651|10|2026|589
4026450340040087|08|2026|049
4026450335069117|02|2026|555
4026450326697066|10|2026|724
4026450322786616|10|2026|505
4026450318078754|04|2026|033
4026450311112683|09|2026|456
4026450301552807|09|2026|832
5220520004355806|02|2030|026
4162057035363502|01|2030|605
4162057044429203|12|2031|682
4147636810267507|08|2031|029
4147633780505503|11|2029|947
4147633766242907|06|2028|180
4283682020513979|01|2028|666
4162057043999503|01|2032|567
4162057041750809|03|2031|301
4162057024097301|02|2029|710
4147635827378000|07|2031|654
4147635035441202|08|2030|570
4147633767138500|06|2028|548
4147633705569808|02|2031|641
4147630021976808|08|2026|233
4023106480104710|06|2028|768
4023106409464773|02|2028|026
4023106407490804|09|2027|709
4003553003460604|07|2030|952
5520031302527309|02|2029|358
5520036621010705|08|2031|057
5466960080402622|02|2030|761
5466960080395701|03|2031|205
4258608306854135|11|2027|954
4258608306832651|06|2027|577
4258608306792749|05|2026|796
4258608000341512|04|2029|651
376240137336093|10|2027|7131
4258608303943501|02|2041|122
4258608303489117|06|2028|302
4258608303012406|01|2029|038
4258608302733465|07|2029|643
4258608302518619|08|2029|005
4258608302144028|03|2029|156
4258608302088423|02|2029|305
4258608301955127|02|2042|122
4258608302032322|01|2029|693
4258608302033213|01|2028|549
4258608300755510|03|2026|207
4258608300667020|03|2029|766
4258608300392520|12|2029|620
4258608201120418|06|2029|191
4380456747399000|01|2032|430
4563210010630602|04|2028|712
4380456747397301|04|2031|954
4380450798429600|02|2029|296
4284306880388426|05|2029|598
4284306809387079|11|2027|274
4363191000408815|04|2029|421
4363191001613827|03|2029|698
4363191000579409|02|2029|578
4363191000594119|05|2027|809
4363191001612852|09|2029|739
4363191001613603|06|2029|498
4363191001613454|11|2029|040
4363191001611342|09|2028|803
4363191000272138|04|2026|469
4363191000603704|07|2029|936
4363191001614098|10|2029|890
4363191000103424|06|2028|359
4363191000129908|03|2027|702
4363191000040600|06|2026|505
4363191001613561|07|2029|164
4363191000323006|04|2026|905
4363191000466508|10|2026|088
4258608304135016|10|2029|763
4258608306732869|02|2032|549
4258608303977012|12|2026|995
4258608002406115|04|2028|169
4724090851604296|04|2028|664
4724090099124867|05|2029|757
4646910000189151|04|2028|049
4540331689155016|02|2041|102
4258608002459379|08|2029|641
4258608002395797|03|2027|556
4258608000175407|03|2027|367
6233750168333454|04|2028|027
6226890111006788|04|2026|227
6259760184515660|02|2027|410
4413600096852199|09|2028|279
4413600097036925|05|2029|704
4413600084363365|12|2028|392
4413600082405747|09|2028|746
4413600070208558|12|2028|471
5156768458379586|10|2028|694
4284303802655636|08|2027|655
4284303801837243|02|2027|876
5286672410341424|12|2027|427
5286672051742385|12|2027|215
5286670807221597|12|2027|601
5286670465594723|12|2027|690
5286670668825866|12|2027|787
5286670421181573|12|2027|890
5286670353233053|12|2027|849
4284306801054263|05|2027|754
4284303807255713|04|2029|470
4284303806979008|02|2029|332
4284303806628910|03|2028|630
4284303806476435|11|2028|266
4284303806463557|05|2028|687
4284303805452684|09|2027|988
4284303803988630|07|2027|306
4284303803490405|08|2027|802
4284303803108833|06|2027|903
4284303801925857|03|2027|516
4284303801473809|12|2026|942
4284303280052363|06|2029|353
4284300880423606|03|2029|531
4284300880322691|11|2028|094
4284300880317725|03|2029|053
4284300805102483|05|2029|581
4284300804940925|07|2029|095
4284300804679788|12|2028|402
4284300803568685|03|2028|525
4284300802589948|02|2028|614
4284300802133465|03|2027|396
4284300802416316|05|2027|488
4284300801861843|09|2027|357
4284300800153846|08|2026|351
5391631003259106|04|2028|077
5391631003264254|05|2028|287
5391631000185718|05|2028|409
5157140005863786|12|2029|814
5157140002703019|03|2026|860
5157140000524003|07|2026|567
5157140004618819|09|2027|729
5157140004631135|05|2026|059
5321962341579938|09|2029|499
5321962302187382|12|2028|776
5321962126992033|08|2030|219
5321962071451738|07|2028|236
5321962060638584|06|2031|696
4779100015751604|02|2032|529
6226560140488048|02|2032|734
6226560179450380|11|2026|597
5378323674526115|06|2029|146
4065950764080081|11|2026|547
4580090109508862|09|2027|484
4580070108903637|02|2027|820
4580040108149101|11|2026|527
4580010107229667|06|2030|517
4403020410174877|09|2029|780
4319060460122650|11|2027|570
6252500045050813|02|2032|766
6225768383018437|06|2029|841
6222531027203366|09|2027|070
6243452757301095|06|2029|485
6243310037385553|05|2029|094
6233209900881783|07|2031|895
6233209900810352|12|2030|026
6233209900750731|08|2028|412
6225970091168757|09|2031|892
6225970080902216|09|2027|827
6221575209287896|07|2026|807
4258608302300216|06|2027|468
4258608302427100|07|2028|178
4258608301480233|07|2028|488
4258608301326923|05|2027|856
4258608300439529|01|2029|369
4258608300422624|12|2028|306
4258608300293702|10|2026|143
4258608101060359|04|2027|131
4258608002472141|02|2029|767
4258608002464932|02|2029|824
6282880119618081|08|2026|317
6259452811522786|06|2026|466
5120899006266604|10|2029|479
5120899006268576|10|2029|318
5120899006257637|09|2029|659
5120899006223811|09|2029|862
5120899006226426|09|2029|814
5120899006219561|09|2029|324
5120899006203193|09|2029|673
5120899006202104|09|2029|547
5120899006200967|09|2029|989
5120899006200900|09|2029|097
5120899006199953|09|2029|836
5120899006184831|08|2029|264
5120899006182769|08|2029|876
5120899006181431|08|2029|167
5120899006169451|08|2029|127
5120899006154131|07|2029|030
5120899006140726|07|2029|861
5120899006141062|08|2029|327
5120899006149503|08|2029|446
5120899006102429|07|2029|034
5120899006064140|07|2029|571
5120899006056088|06|2029|184
5120899006028012|05|2029|768
5120899005973945|05|2029|020
5120899005953376|05|2029|629
5120899005934889|04|2029|681
5120899005969562|05|2029|211
5120899005967087|05|2029|685
5120899005921381|04|2029|579
5120899005910640|04|2029|013
5120899005892186|04|2029|689
5120899005897870|04|2029|803
5120899005888663|04|2029|370
5120899005886170|03|2029|773
5120899005878391|04|2029|304
5120899005800395|02|2029|652
5120899005862635|03|2029|779
5120899005837611|02|2029|072
5120899005816904|03|2029|335
5120899005779508|02|2029|839
5120899005731970|12|2028|658
5120899005702260|12|2028|072
5120899005694038|11|2028|173
5120899005690010|11|2028|933
5120899005679104|12|2028|928
5120899005682058|12|2028|767
5120899005660278|11|2028|234
5120899005593065|10|2028|666
5120899005382329|06|2028|035
5120899005364335|06|2028|980
5120899005371397|07|2028|669
5120899005323232|05|2028|054
5120899005344998|06|2028|377
5120899005305007|06|2028|171
5120899005234819|04|2028|882
5120899005094502|03|2028|039
5120899005175699|03|2028|797
5120899004952247|12|2027|471
5120899004847835|11|2027|911
5120899004781927|10|2027|510
5120899004768981|10|2027|289
5120899004749833|10|2027|450
5120899004618814|08|2027|290
5120899004584321|08|2027|066
5120899004575089|08|2027|876
5120899004492038|07|2027|671
5120899004478466|07|2027|772
5120899004456629|07|2027|779
5120899004367867|06|2027|167
5120899004405352|06|2027|663
5120899004221601|04|2027|561
5120899004207915|08|2029|925
5120899004189824|03|2027|691
5120899004175666|03|2027|612
5120899003986113|11|2026|701
5120899003989745|11|2026|538
5120899003363586|08|2028|743
5120899003280145|05|2027|738
5120899003251815|01|2027|609
5120899003171732|07|2026|937
5120899003144531|04|2026|253
5120899002446085|07|2026|869
5120899002384740|02|2026|043
5120899002133329|05|2026|160
5120899001879856|03|2028|995
5120899001003127|09|2028|699
5120899001493518|09|2026|622
5120899001611119|04|2027|166
5120899001527554|11|2026|211
4178616668643373|03|2026|626
5242523093002218|04|2029|407
4507163000827473|05|2027|827
4466710000202393|04|2026|435
4017080009141412|08|2027|732
4258608001204321|01|2029|804
4935310075105101|02|2029|148
4935310074731105|01|2028|208
4935310069127103|01|2028|058
4935310058689105|11|2028|161
4935310056226108|11|2028|408
4935310053167107|10|2028|174
4935310064493104|11|2028|978
4935310029923104|04|2028|540
6225781899802699|09|2027|093
6225970088503495|06|2030|898
6225780601758066|10|2026|491
6225751180995619|05|2028|958
6225750801042207|11|2029|647
4258502394695924|05|2029|703
4258502339081545|01|2030|950
4220070453608191|05|2031|056
4075050284275598|09|2029|927
371330813404011|09|2029|7221
371307514812007|10|2028|9211
372540016091022|09|2029|9236
372524668351009|09|2028|2705
372575318824001|01|2029|9815
4410870913091759|02|2041|820
5521154007145984|01|2029|878
5521154006968832|11|2029|598
5521154006906931|10|2029|485
5521154006613685|08|2029|912
5521154006448694|07|2029|962
5521154006523322|07|2029|426
6262790012492209|01|2028|269
6222280700923680|05|2028|240
6222350041061225|08|2030|379
6221560499379231|05|2026|598
6250330140861621|08|2029|660
4386759013507386|12|2028|343
4386759013491029|12|2028|332
4386759013491698|12|2028|159
4386759013487142|12|2028|348
4386759013486706|12|2028|504
4386759013461568|12|2028|301
4386759013437980|11|2028|888
4386759013468621|11|2028|779
4386759013434250|11|2028|749
4386759013409054|11|2028|944
4386759013409864|11|2028|686
4386759013410904|11|2028|262
4386759013369407|11|2028|993
4386759013351975|11|2028|571
4386759013351165|11|2028|228
4386759013294746|10|2028|516
4386759013307886|11|2028|332
4386759013266553|10|2028|209
4386759013263733|10|2028|587
4386759013241598|10|2028|584
4386759013236770|10|2028|700
4386759013202251|10|2028|273
4386759013196784|10|2028|929
4386759013162265|10|2028|981
4386759013179319|09|2028|785
4386759012964190|08|2028|698
4386759012948730|08|2028|433
4386759012940018|08|2028|409
4386759012900723|08|2028|112
4386759012897366|08|2028|344
4386759012899388|08|2028|606
4386759012842891|07|2028|738
4386759012886674|08|2028|153
4386759012809601|08|2028|215
4386759012790363|07|2028|882
4386759012782634|07|2028|318
4386759012769458|07|2028|160
4386759012756729|07|2028|772
4386759012765472|07|2028|783
4386759012686140|06|2028|111
4386759012655699|06|2028|186
4386759012591977|06|2028|367
4386759012648843|06|2028|963
4386759012590896|06|2028|442
6262780001133682|08|2029|167
6262780001140281|08|2029|544
6258101675082236|08|2028|175
4258608303370218|05|2027|188
4258608303341508|05|2029|872
4258608303333711|05|2029|399
4258608303330923|05|2029|706
4258608303332705|05|2029|287
4258608303132600|03|2029|779
4258608302887501|12|2028|782
6225768755311386|09|2028|528
6225768224646040|11|2031|642
4283682016961943|09|2026|221
4283682008591906|12|2028|131
4213330032603595|10|2028|384
6250330241520282|11|2029|791
6250330242517501|09|2028|284
6250330099919107|11|2026|761
6250075106154004|04|2028|325
376174627441008|10|2028|2820
376129004663004|01|2028|6421
6263015900512804|05|2026|331
6262780301760788|10|2026|541
6262780000732443|02|2029|099
6262780000583028|04|2026|916
6252500040845142|07|2031|498
6251721115730123|03|2028|419
6250634600002877|12|2027|686
6250351014153101|11|2027|984
6250330192695570|08|2028|772
6250330114086106|10|2027|138
6244367102594351|08|2029|647
6243910019166432|06|2027|669
6243720100034146|04|2033|715
5400692345717044|11|2029|084
5400692333560018|10|2026|881
5400692175908010|07|2029|060
5400692145147012|07|2029|077
5400692132940015|02|2027|135
5400691180384936|06|2029|665
5400691111510005|12|2027|285
6225760019745970|09|2028|399
6225760016628336|04|2028|595
5400691180384340|11|2029|317
5400691180382856|11|2029|256
5400691178107315|09|2028|948
5400691174898719|04|2027|724
5400691160593035|06|2028|013
6262963331076348|08|2028|351
6259980103055784|01|2032|301
6259452812952297|10|2027|134
6259190382923476|04|2028|484
6259065115236356|05|2027|287
6251632300220756|08|2028|278
6250330228712951|05|2029|510
6250330238815315|10|2028|191
6250330237474767|10|2028|433
6250330117541107|11|2027|631
6250075111560005|05|2027|435
6250330109427109|09|2027|706
6250330106164101|06|2027|474
4003618500662786|08|2029|396
376357693311011|05|2028|0656
4556333502325751|06|2028|776
4556333500257402|08|2028|073
4974908510264110|05|2026|449
4974908316035227|06|2027|553
4974907605054766|06|2027|804
4974907603034455|11|2026|846
4974148806964400|09|2026|727
4974723049396550|09|2027|268
4974148808244553|01|2027|191
4974148722664431|07|2027|253
4974148715281201|10|2026|425
4973019336449140|09|2026|076
4970438087193314|05|2028|925
4970437511228753|03|2028|309
4970437265597874|09|2028|827
4739202321971006|03|2027|014
4633444058207702|02|2027|593
4633441120551109|11|2026|455
4633442317555309|01|2027|781
4633442330495400|09|2027|638
4633440336848101|09|2026|875
4633433883789430|09|2026|777
4633430289662047|02|2027|620
4533529111670986|02|2026|538
4533529923832345|02|2028|443
4533528126053147|03|2028|139
4165387693671111|05|2028|780
4165387906725084|05|2028|472
4165387469737401|02|2032|516
4165387424379075|09|2026|408
4165387644205308|05|2027|004
4165387645185277|03|2027|294
4165387337627222|10|2029|421
4165387410347227|06|2026|896
4165387414071427|05|2026|315
4150640004335413|08|2029|349
4125253936797007|09|2027|906
4125253906748006|11|2027|256
4125251774372206|09|2027|655
4125242328117106|09|2027|598
4125242317108009|06|2026|282
4125240799765007|03|2027|209
4125240883436101|09|2027|240
4125240895024101|05|2027|248
4125226682689800|06|2027|597
4125224615858055|09|2027|946
374989689351007|11|2027|7235
4065616016521079|02|2032|599
4065616056773812|02|2032|520
374988838981003|03|2028|8501
374988181613005|08|2028|3621
374987934381001|02|2029|0402
374987670951009|04|2029|1475
374989015592001|08|2029|7424
374988100022007|06|2028|2542
374988363781000|06|2029|2958
374967155952003|07|2028|4360
374931003992009|07|2029|3747
374931068731003|10|2027|2636
374911243937006|09|2028|2172
374913565501006|08|2029|7334
374912083083000|04|2027|5880
374910474758008|02|2029|9166
374909840542005|05|2026|5013
374904057415003|07|2029|9417
374905578161000|02|2029|2920
374903619622007|02|2032|5625
374908299752008|01|2029|8654
374902181541033|08|2029|6543
4258608002453414|07|2029|041
4258608002452879|07|2029|631
4258608002445618|05|2029|998
4258608002430578|01|2029|611
4258608002435502|03|2029|060
4258608002440148|04|2029|123
4258608300139228|08|2029|196
4258608002440361|04|2029|131
4258608002440189|04|2029|989
4258608002405513|04|2028|811
4258608001416214|12|2027|192
4258608001439117|10|2028|652
4258608001211011|01|2028|310
4258608001236000|03|2029|959
5400693904796809|01|2027|056
5400697001195302|04|2026|232
5400693802759800|06|2026|250
5400693696331039|07|2029|879
5400693685211002|07|2026|270
5400693680054043|06|2026|707
5400692599931408|12|2026|787
5400692599111407|09|2026|661
5400692598587144|07|2027|852
5400692596306513|10|2028|748
5400692594944737|06|2028|860
5400692594677303|05|2026|053
5400692594509308|03|2026|193
5400692594026006|06|2026|003
5400692593698805|07|2026|924
5400692570443035|06|2027|000
5400692559121016|04|2028|087
5400692499431038|09|2027|325
5400692521316009|11|2027|401
5400692463065044|07|2028|890
5400692429759045|12|2029|083
5400692376361019|02|2029|270
5400692324913002|09|2026|172
5400692191922037|08|2027|749
5400692163565004|05|2026|682
5400692169592002|05|2026|368
5400692173163022|05|2026|736
5400692128863031|09|2028|852
5400691180384431|07|2029|938
5400691171513022|02|2028|631
5400691160076015|06|2027|953
5400690620412422|02|2029|803
5400690926689038|07|2027|515
5400690984499023|09|2028|473
5400690906040012|11|2029|729
5400690928329112|09|2028|251
5400690195751006|07|2026|808
5400690316640575|07|2029|094
5400690074355010|11|2026|765
5400690074257018|06|2028|583
5400690024008867|07|2026|224
4564680120791206|10|2026|138
4564680120622401|07|2027|425
4564680120077093|06|2027|152
4564680119791274|02|2028|821
4564680031383374|11|2028|212
5391631000447803|10|2026|008
4674982200051767|04|2028|936
4508811101771375|06|2029|830
4508811101270451|02|2027|513
4508811009320788|11|2027|500
4508811100810950|08|2027|997
4481656994998168|09|2026|725
4552051009069300|03|2028|060
4552051008250828|07|2027|200
4552051007567420|04|2026|812
4770371016716990|06|2028|702
4770371017647822|01|2029|098
4016180000090971|04|2028|339
4016180000088801|04|2028|189
4016180000083547|09|2028|199
4016180000086953|07|2028|944
4016180000070239|04|2028|503
4016180000069108|03|2028|749
4016180000063267|05|2028|215
4016180000000921|12|2028|027
4016180000006415|05|2028|463
4016180000007934|09|2028|947
4016180000002554|01|2028|944
377668110003422|03|2028|4629
376186464253007|11|2027|5411
376187058262008|02|2028|2008
376186896172007|01|2028|2262
376187599551000|04|2028|5626
376171876241030|09|2026|0789
376135900512005|09|2028|3277
376134258656001|02|2028|0516
370286003470652|02|2026|5085
340099331411000|07|2026|6095
340099378541008|05|2029|6077
340099271051006|08|2029|3263
340099249211005|07|2029|1685
340099214381007|05|2029|4759
340099212461009|04|2029|9130
340099221231005|07|2029|1867
6225758224110048|12|2030|060
6225760006881812|12|2027|974
6225757606852946|01|2030|084
6225752179521002|04|2029|527
6225750018765673|04|2028|745
6259204000045180|08|2029|224
6259204000183825|09|2029|580
6259206600129322|07|2029|570
6259452812344263|09|2029|985
6258650037913645|05|2031|721
6258433800781899|08|2029|122
6258433800777442|06|2029|211
6258433800635962|06|2029|259
6250351099941859|11|2028|370
6250351012404100|10|2026|271
6250330288002681|03|2029|291
6250330294229245|05|2029|354
6250330195426619|09|2028|202
6244367101022693|02|2029|011
6244780012105441|05|2028|187
6244082100009233|04|2028|577
6226880589366590|07|2027|345
6226560712838182|05|2031|473
6226560111635247|06|2027|975
6225970003447745|06|2027|423
6225768775295817|11|2029|094
4966230038960719|04|2028|188
4966230033363547|02|2042|564
5424181502230894|02|2027|890
5424181468700120|09|2027|379
5189410041366066|03|2028|132
4216890340610563|07|2029|310
4216890331137527|07|2027|619
4216890331318002|07|2027|810
4216890321023448|03|2029|121
4216890200854046|02|2027|179
4216890105429324|01|2028|635
4207670288947222|03|2028|792
4207670307889793|06|2029|208
4207670180088984|08|2029|379
4207670238452380|07|2029|189
4207670277112424|12|2027|472
4207670151358515|06|2027|955
4147202271602268|08|2029|889
4147202166558724|06|2027|992
4147202143458915|02|2041|112
4617729003555332|07|2026|662
4617729003466142|05|2026|181
4617729003731370|11|2026|287
4617729001229765|07|2026|699
4617729001289538|09|2026|243
4617729002205509|10|2028|573
4617729001298695|10|2026|320
4617729001744458|03|2028|315
4617729001890418|07|2028|022
5400697011139704|09|2029|018
5400697011145164|09|2029|489
5400697011132634|08|2029|218
5400697011136098|08|2029|320
5400697011132469|08|2029|069
5400697011129341|08|2029|009
5400697011130372|08|2029|210
5400697011130430|08|2029|692
5400697011127071|08|2029|250
5400697011121504|03|2029|917
5400697011121579|02|2029|905
5400697011119326|07|2029|964
5400697011094958|06|2029|528
5400697011088612|04|2029|732
5400697011081773|03|2029|526
5400697011047444|12|2028|028
5400697011079603|03|2029|696
5400697011028386|10|2028|141
5400697011022280|09|2028|150
5400697011020979|11|2028|207
5400697010987798|06|2028|537
5400697010972774|09|2028|854
5400697010991618|06|2028|259
5400697010968566|04|2028|215
5400697010973434|06|2028|865
5400697010932638|01|2028|108
5400697010911962|11|2027|034
5400697010810651|12|2026|834
5400697010822227|02|2027|137
5400697010755237|03|2029|746
5400697007958208|11|2028|775
5400697007572306|07|2028|061
5400697007820713|09|2027|875
5400697005736804|05|2028|314
5400697006036212|07|2027|218
5400697003738604|05|2027|480
5400697003790910|05|2026|197
5400697003767017|04|2027|647
5400697003179015|01|2027|577
5400697002296406|09|2026|414
5400697002047601|08|2026|125
5400697002743704|11|2026|355
5400697001116308|04|2026|857
5400693905443021|02|2026|672
5400693903262506|05|2027|820
5400693904028112|08|2028|138
5400693904372320|10|2028|259
5400693804001110|07|2029|678
5400693804001037|09|2029|566
5400693802860806|01|2027|251
5400693904094510|08|2028|727
5400693902425005|04|2027|750
5400693804000658|10|2029|904
5400693802834215|10|2026|342
5400693801552016|07|2027|784
5400693695030012|07|2029|822
5400693800519016|06|2027|806
5400693688732020|07|2028|028
5400693684206003|06|2026|310
5400693636454024|09|2028|988
5400693618763046|07|2027|724
5400693618119033|09|2028|118
5400693609629040|09|2029|347
5400693606209028|09|2027|189
5400693607420020|09|2029|719
5400693601232017|09|2027|886
5400692599157111|09|2026|662
5400692598200227|06|2027|897
5400692598445418|07|2029|948
5400692598721818|08|2029|708
5400692596343128|10|2029|069
5400692595099010|06|2026|651
5400692594982505|04|2026|119
5400692595335737|06|2029|622
5400692594830142|05|2029|008
5400692594643727|05|2028|020
5400692594583436|05|2026|068
5400692594486317|05|2029|393
5400692594322009|04|2026|786
5400692594133836|03|2028|171
5400692594098005|05|2026|290
5400692594338906|04|2026|084
5400692594270828|03|2029|142
5400692594177700|06|2026|437
5400692594179011|02|2026|369
5400692594140120|03|2028|782
5400692593971210|03|2027|512
5400692592275027|10|2028|351
5400692593219727|07|2029|603
5400692592480015|11|2027|605
5400692592414865|11|2029|889
5400692579111005|07|2027|116
5400692559497002|04|2026|858
5400692547589050|01|2027|839
5400692521885011|11|2029|530
5400692517873021|11|2027|714
5400692522529030|11|2027|011
5400692527256027|11|2027|433
5400692517847025|11|2028|777
5400692512025049|11|2028|875
5400692521034032|11|2029|066
5400692511021833|12|2028|313
5400692490832044|09|2027|517
5400692493357023|07|2028|854
5400692490958013|07|2027|535
5400692484692040|09|2028|138
5400692470803049|06|2029|853
5400692481532033|09|2028|189
5400692457222049|04|2029|565
5400692474835047|06|2029|966
5400692456464006|04|2026|482
5400692453058033|04|2029|437
5400692428621014|12|2027|327
5400692411757015|11|2028|200
5400692391496014|03|2028|007
5400692397564013|04|2029|434
5400692376101019|02|2028|478
5400692383030045|03|2029|199
5400692359870010|12|2028|919
5400692366780020|01|2029|405
5400692351842025|11|2026|489
5400692361952053|12|2029|744
5400692326617023|09|2028|288
5400692341621018|11|2026|592
5400692322790006|09|2026|135
5400692329297054|10|2027|358
5400692322463042|09|2029|866
5400692305556010|08|2029|709
5400692321488032|09|2029|265
5400692314275032|09|2029|771
5400692201681003|06|2026|876
5400692155935058|04|2027|517
5400692160430103|05|2026|212
5400692152375043|04|2026|028
5400692146541023|03|2027|879
5400692141258029|03|2027|216
5400692128991014|01|2028|231
5400691180384209|10|2029|443
5400692113575020|11|2028|614
5400692122300014|12|2027|647
5400690425611038|09|2026|394
5400690423139024|09|2027|950
5400691180381429|09|2028|857
5400690421000012|07|2027|431
5400691176427004|12|2027|845
5400691176127216|08|2029|709
5400691175427914|09|2027|357
5400691172830037|04|2028|011
5239100001796796|08|2029|801
5400690177441022|05|2029|667
5400690103681014|03|2029|119
4085652076408903|08|2027|065
379186330258344|04|2028|7266
379186330263047|07|2028|0426
379186330252891|05|2028|6207
379186139798144|09|2029|4815
379186139759385|02|2029|9923
379186139758445|02|2029|5492
6225768790667057|09|2029|815
6225768706566799|10|2029|203
6225768600313991|12|2029|408
6225768312518606|03|2029|670
6225768731306468|06|2032|951
6225767848558888|03|2031|180
6225767757443015|07|2030|512
6225767571879311|04|2029|035
6225760786719885|09|2029|526
6225750042018040|05|2031|658
6224725000164573|11|2028|222
6222271000187373|08|2027|874
5120899004278346|04|2027|273
5120899003973285|11|2026|109
5120899004119532|02|2027|780
5120899003933438|09|2026|883
5120899004135132|02|2027|749
5120899004163605|03|2027|745
5120899004063342|01|2027|656
5400691146960019|11|2028|561
5400691129982014|07|2027|793
5400690997950038|08|2028|872
5400690915918026|12|2029|643
5400690953935031|06|2029|939
5400690421599021|06|2027|481
5400690316640187|07|2028|035
5400690117950025|07|2028|478
5400690192719006|04|2026|406
5400690110563023|05|2028|183
5400690105617024|04|2027|860
5400690305869037|07|2028|993
4147633785356803|04|2030|935
4147633914513506|02|2031|963
4147633910444508|10|2031|033
4147633761685001|02|2028|195
4147633720991607|10|2029|064
4147633706820903|05|2031|038
4147631630638706|06|2028|848
4056508808111907|12|2031|095
4023106780070421|04|2029|026
4023106480340900|07|2029|434
4023106480139112|01|2028|198
4023106403364615|07|2027|798
4258608001294827|06|2027|587
4258608000929829|12|2027|976
4258608000993304|04|2028|057
4258608000474909|09|2026|990
4258608000466806|08|2026|638
4258608002444413|05|2029|455
4258608002409390|06|2028|493
4258608002400365|02|2028|405
4258608002367044|03|2026|217
4258608001395400|02|2040|112
4258608001400416|12|2027|803
4258608001013300|05|2028|595
4258608000103300|10|2026|220
4284303803674693|06|2027|762
4284303803634739|06|2027|165
4284303804242573|07|2027|835
4284303803368866|10|2027|236
5157216826535405|11|2026|799
5157216822403707|09|2026|913
5157216822425205|09|2026|865
5157216820134403|08|2026|322
5157216818728208|07|2026|105
5157216818111504|07|2026|955
5157216816931903|06|2026|684
5157216808572004|03|2026|971
5157216807243508|02|2026|770
5157133000764398|05|2027|658
5157133001901726|01|2028|675
5157132800037120|08|2026|265
4748323100064117|10|2028|004
4748323000520143|02|2029|089
4284300880237295|05|2027|358
4284300804845330|05|2029|201
4284300803914665|04|2028|526
4284300804624123|09|2028|082
4284300803810525|02|2028|288
4284300802418825|08|2027|683
4284300801590210|08|2027|723
4284300800506746|10|2026|716
4284300801182711|04|2027|629
4283682024635976|12|2028|420
4283682025047742|08|2029|383
4283682022625896|12|2028|408
377668116201459|01|2028|7251
5491862022995664|12|2028|427
5491862021831084|08|2026|169
4284306801748823|04|2027|187
4284303805788863|01|2028|665
4284303805382923|04|2028|458
5157216836205205|05|2027|393
5157216826143507|11|2026|869
5157216818737506|07|2026|939
5157216817464102|06|2026|389
5157133080067969|07|2027|574
5157132880353934|12|2028|355
5149146602493100|04|2026|368
5148691082628809|10|2028|637
4748323080128452|06|2029|588
4748323100252399|02|2040|112
4284303803690699|02|2028|048
377668520229096|06|2028|8866
4155682000194381|08|2027|252
4155682000088443|08|2027|197
4155682000201772|08|2027|846
4155682000097428|08|2027|756
4040080818465359|04|2031|040
4040080807895582|03|2029|386
4040080804754253|04|2028|345
4040080802039368|04|2029|333
4029876902863804|09|2030|114
4029876405613185|01|2031|272
4029238870220865|12|2028|305
4029237776577576|08|2029|687
4029237765948226|03|2030|838
4029236675528888|06|2030|206
4029236654303907|07|2030|009
4029236605252120|10|2029|137
4003618780476188|06|2030|227
4003618708415060|10|2030|214
4003590027356004|03|2029|648
376357106971005|02|2028|4094
4284303806799372|10|2028|554
4284303804286786|06|2027|639
4284303804247085|07|2027|861
4284303802974250|11|2027|316
4162057036448104|03|2030|045
4147631624384804|09|2026|441
4147630028538106|10|2031|184
4284303300535892|01|2031|294
4162057028922603|07|2029|725
4147633904362807|11|2030|024
4284300280382436|03|2030|115
4283682024472495|11|2028|303
4162057037770902|08|2030|596
4162057023528504|12|2028|589
4162057020867608|09|2028|984
4162057019085105|07|2028|976
4162057018121307|06|2028|604
4162050103279809|10|2031|369
4147635305977505|12|2030|397
4147635037974705|04|2031|099
4147633921417006|07|2031|955
4147633795983109|06|2027|708
4147633781730704|01|2030|493
4147632809305200|12|2031|836
4147633707409003|06|2031|981
4147630028479905|07|2031|967
4363467200264517|01|2027|361
4363467200038804|09|2027|475
4363467013874825|09|2029|795
4363467013875582|09|2029|750
4363467013864503|07|2029|268
4363467013864842|08|2029|738
4363467013864883|11|2029|717
4363467013854173|07|2029|173
4363467013722164|04|2027|368
4363467013769272|10|2027|856
4363467013793843|04|2028|384
4363467010927816|01|2028|109
4363467007135209|05|2027|249
4363467008667408|12|2026|753
4363467007659018|09|2028|032
4363467006192300|10|2027|341
5391631003379482|07|2029|087
5391631003366034|05|2029|233
5391631003363221|05|2029|188
5391631003355797|09|2029|119
5391631003357272|04|2029|833
5391631003337647|02|2029|722
5391631003333414|01|2029|880
5391631003322128|12|2028|670
5391631003315353|11|2028|436
5391631003278692|07|2028|804
5391631003309042|11|2028|601
5391631003289236|08|2028|107
5391631003291372|09|2028|389
5391631003291588|11|2028|976
5391631003292354|09|2028|171
5391631003276506|11|2028|031
5391631003254081|03|2028|444
5391631003265285|05|2028|779
5391631003241781|01|2028|417
5391631003226089|08|2027|307
5391631003173497|10|2026|180
5391631003161740|04|2026|821
5391631003229810|11|2027|990
5391631001115516|08|2028|282
5391631000570307|12|2026|083
5391631000362804|08|2026|842
5391631002129714|08|2028|245
5391631000121705|04|2026|519
5391631002013132|03|2029|426
4770282707931758|06|2027|055
4770282707333682|01|2027|953
4770282706382086|08|2026|291
4770282400435453|10|2028|288
4284300804461260|01|2029|098
4284300804435306|10|2028|735
4284300804023904|08|2028|553
4310676003350505|03|2031|758
4284303807867848|08|2029|557
4284303807639759|04|2029|786
4284303806536865|03|2028|796
4284303806788524|04|2028|545
4284303806632458|04|2028|828
4284303805934186|06|2028|174
4284306880221411|05|2028|274
4284306807800347|01|2028|572
4284306801442369|08|2027|539
4284306803015957|04|2027|982
4284300801829345|07|2027|518
4665381004858132|06|2028|581
4665381004559904|02|2028|505
4665381000523623|11|2026|186
4284306880218102|09|2028|862
4284306809294762|12|2027|990
4284306880269675|12|2028|804
4284306880386305|10|2028|940
4284306880375928|08|2029|087
4284306810671818|06|2027|059
4284306880185475|09|2028|320
4284306809477557|12|2027|075
4284306808532618|09|2027|737
4284306808164826|04|2027|485
4284306805781358|05|2027|495
4284306807208160|11|2027|928
4284300802244163|07|2027|279
4284300801879126|04|2027|036
4284300800008065|08|2026|196
4284300800859152|12|2026|975
4284300280304091|06|2028|956
4162058814981506|12|2031|971
4162058808800001|07|2030|163
5148691082446327|08|2028|874
4284303880200784|08|2028|011
4284303880157315|07|2027|849
4284303806479140|11|2028|916
4284303806469083|01|2029|755
4147637701659802|07|2026|575
4147635035130508|05|2030|978
4147635018591700|07|2026|649
4147635032143306|06|2029|746
4147633906116904|11|2030|580
4147633746163306|01|2027|113
4147633744715602|12|2026|650
4023106480382068|09|2029|133
4023106480089077|01|2028|240
4023106403287352|07|2027|790
4023106402112825|08|2027|648
4003553003467609|02|2030|484
4023106400082202|12|2027|939
4003556800688004|05|2029|700
4023100701606561|07|2029|697
4023106400026043|06|2027|533
4258608300447514|01|2029|018
4258608300382620|12|2029|696
4258608300377844|12|2029|218
4258608300315745|11|2027|419
4258608300425213|12|2028|348
4258608300398311|12|2027|854
4258608300226025|09|2027|882
4258608300186922|08|2028|709
4258608300051126|09|2026|706
4258608101061977|06|2029|265
4258608002469311|10|2029|402
4258608300163970|08|2029|830
4258608300007235|04|2029|611
4258608002473974|10|2029|530
4258608300024230|07|2029|537
4258608300041648|10|2029|684
4258608101061803|08|2029|357
4258608002464908|08|2029|007
4258608200031319|06|2028|837
4258608002472935|10|2029|250
4258608002466549|09|2029|953
4258608002472380|10|2029|919
4258608002461276|12|2029|208
4258608002461235|09|2029|102
4258608002462621|02|2029|274
4258608002452762|07|2029|094
4258608002459528|08|2029|390
4258608002457357|08|2029|100
4258608002458082|03|2029|521
4258608002448893|06|2029|011
4258608002448950|06|2029|869
4258608002447937|12|2029|858
4258608002448497|06|2029|954
4258608002447135|05|2029|464
4258608002440106|04|2029|009
4258608002447465|05|2029|351
4258608002438571|03|2029|107
4258608002441740|04|2029|705
4258608001244806|03|2029|614
4258608002410133|08|2028|304
4258608002390194|08|2027|831
4258608002396530|10|2027|913
4258608000054214|01|2027|428
4258608001340703|08|2029|425
4258608000924416|12|2027|683
4258608000959701|02|2028|034
4258608000895210|11|2027|252
4258608000907700|12|2027|210
4258608000820911|09|2027|562
4258608000767617|07|2027|523
6226899010986800|03|2029|030
6226880203815063|10|2031|074
6228370182174797|01|2027|827
6228388000124331|06|2030|158
6226890036930849|08|2029|363
6226560911958450|11|2031|453
6227896804043144|08|2027|370
6225990039725625|12|2031|986
6225781832690938|05|2029|664
6225760002915119|11|2029|347
6224805700976193|03|2026|744
6222520780333114|12|2027|820
6222831004252711|11|2031|196
6222370145674830|03|2034|727
4934719903855730|09|2027|395
4658858800656553|01|2028|951
4658858800642397|08|2028|912
4658858800610048|06|2028|762
4658858800402024|03|2027|559
4658858800263715|09|2027|926
4658858800009043|09|2026|544
5497821805400403|05|2027|727
5497821704328838|04|2027|242
5497821703889129|05|2026|879
5509890040416504|04|2030|314
5497821805663331|01|2028|128
5497821704471810|02|2028|944
5497821704158698|01|2027|849
5468988128790839|09|2029|135
5422610003103319|06|2027|615
5149504005208436|01|2028|765
4871450129317397|10|2026|304
4815153048920122|08|2027|922
4815153018749485|04|2026|923
4417707303913593|02|2028|295
4417704020559742|11|2028|197
4417707303365117|05|2029|717
4340765003470241|05|1931|938
4147202597569811|03|2028|532
4377660101975884|11|2027|838
5455122908401368|12|2027|418
5156970000191291|01|2028|335
5156970000189816|12|2027|102
5156970000141866|08|2026|597
5156970000140447|08|2026|113
5156970000094206|01|2029|305
5156970000084728|03|2029|777
5148826013545017|04|2027|807
4365000230140726|04|2028|570
4365000330549669|05|2027|940
4365000330477507|02|2028|837
4365000330379000|02|2026|817
4260630001543017|12|2030|316
4413600026449421|03|2029|984
4413600025602996|10|2028|608
4413600024111387|10|2028|584
4413600022185581|02|2029|885
4413600022030886|02|2029|514
4413600021622402|09|2028|348
4413600019292176|10|2028|753
4002712001562636|08|2027|725
5275510001164826|11|2028|585
5275510001136634|11|2028|124
5275510001086797|10|2028|747
4770282804741639|06|2028|674
4770282803633308|05|2027|387
4770282803609829|05|2027|176
4770282803519986|03|2027|680
4770282803506355|03|2027|621
4770282803404221|01|2027|944
4770282803292253|12|2026|472
4770282710613179|10|2028|106
4770282710117346|06|2028|245
4770282710105341|06|2028|521
4770282710103395|05|2028|513
4770282709934578|04|2028|336
4770282709603967|07|2028|118
4770282709360154|05|2028|357
4770282709133411|03|2028|675
4770282709040178|03|2028|118
4770282708938596|02|2028|718
4770282708828219|01|2028|890
4770282708776038|12|2027|560
4628260504248034|08|2028|572
4628260504226279|05|2028|436
4215848730929523|10|2028|946
5577550135368211|01|1931|623
5577550116705407|10|2030|565
5196032155625367|07|2027|839
5196032155265644|07|2027|978
5196032155171909|07|2027|377
5196032155137744|07|2027|747
5196032155144088|07|2027|386
5196032155087097|07|2027|458
4029886802134388|11|2026|368
4029886802131913|10|2026|217
4029886802130063|09|2026|200
4029886042024118|01|2029|235
4029886037678209|06|2027|579
4029886032063514|06|2026|613
5196032140302528|06|2026|130
5196032137421208|03|2026|595
5196032136529266|02|2026|273
5196032135771190|02|2026|644
5196032093148316|01|2029|405
5171162901962092|07|2028|242
5171162802446245|10|2028|986
5171162802337931|05|2028|761
5156970000268347|12|2027|379
5148826041134891|11|2029|598
5120899003373122|12|2027|426
4921599011674701|09|2029|857
4770282804624082|04|2028|739
4770282804541716|08|2028|600
4770282804539835|07|2028|182
4770282804428674|06|2028|491
4770282804290041|04|2028|345
5171162901673376|03|2027|200
5171162801664806|02|2026|488
4770282706343294|07|2026|883
4770282706352907|07|2026|474
4770282706208109|06|2026|104
4770282702423751|01|2027|377
4770282400422733|08|2028|872
5196032167178793|01|2028|305
5196032166917829|01|2028|435
5196032166859435|01|2028|268
5196032166818803|01|2028|349
5196032166507901|01|2028|999
5196032166174348|01|2028|999
5196032166090015|01|2028|862
5196032166082129|01|2028|149
5196032166019865|01|2028|356
5196032165974557|01|2028|323
4340763000305866|08|2027|278
4340762033127644|05|1931|111
5196032142896519|08|2026|531
5196032142816871|08|2026|939
5196032142734462|07|2026|578
5196032142668843|07|2026|847
5196032142438502|07|2026|829
5196032142235759|07|2026|205
5196032142041397|07|2026|437
5196032141882379|07|2026|129
5196032141497343|06|2026|770
5196032141480711|06|2026|546
5196032141465092|06|2026|718
5196032141285490|06|2026|912
5120899001709624|08|2027|342
4032658881733918|08|2027|244
4386759009868339|07|2027|697
4386759005686883|02|2026|769
5522283004904066|11|2030|606
5522283004822904|09|2030|327
5522283004276952|05|2029|269
5522283003994597|01|2029|775
5522283002376069|02|2029|506
5522283000157495|08|2029|722
5522283000074807|03|2029|446
5522283000044354|09|2029|849
4512950200625217|07|2027|418
4512950200972932|06|2028|872
4512950200911807|10|2028|562
4512950200869195|02|2028|252
4512950200764321|11|2027|589
4512950200802246|12|2027|220
4512950200747615|11|2027|336
4512950200640844|07|2027|669
4512950200630704|07|2027|825
4512950200570942|05|2027|777
4512950200590684|05|2027|849
4512950200517489|12|2026|148
4512950200441300|03|2026|809
4512950200433646|03|2026|839
4375990000593518|07|2026|548
4693327000068479|06|2028|486
4693327000079815|11|2028|961
4693327000079849|11|2028|316
4693327000013293|06|2028|774
4693327000041138|12|2026|615
4693326419813608|10|2028|862
4693326421019962|11|2028|858
4693326033516462|12|2027|386
4693327000015561|07|2028|264
4693327000003492|11|2027|322
4693325457225808|07|2028|291
4693324300176029|01|2029|455
4693324300162391|09|2028|783
4693324300141288|03|2028|527
4693324300137047|02|2028|542
4693324300124508|10|2027|185
4693324300118153|08|2027|947
4693324300099023|09|2026|586
4693324300115233|07|2027|258
4693324300006101|10|2026|132
4693322852859448|05|2028|381
4693324300000716|04|2026|919
4693321950154330|01|2029|126
4031499552281031|01|2027|215
4031495712686028|06|2027|292
4031494700437247|11|2028|144
4031492729339139|09|2028|730
4031494700025208|02|2027|240
4031494700031917|04|2027|942
4031492969223134|05|2028|475
4031494700401490|04|2028|269
4031498268144590|06|2026|763
4031498926681298|08|2028|812
4031499319187083|08|2026|664
4031499112883748|10|2028|362
4031497516610345|02|2029|885
4031496872402453|05|2029|941
4031494700439847|12|2028|479
4031495260499998|10|2027|167
4031494700400872|04|2028|884
4031494700361348|09|2027|102
4031494700383441|01|2028|313
4031494700398407|03|2028|970
4031494700367568|10|2027|533
4031494700310519|11|2026|867
4031494491513024|08|2028|218
4031493198633200|03|2026|766
4031494700282031|02|2026|667
4031490432779146|09|2028|549
4365000030075700|03|2027|816
4934719906295140|12|2028|517
4934719906399249|01|2029|348
4934719906010192|11|2028|902
4934719905987515|11|2028|157
4934719905167258|06|2028|530
4934719904669528|03|2028|322
4934719904025838|10|2027|768
4934719903265435|12|2026|421
3565180017164618|12|2026|314
3563500101488247|12|2028|350
3564580004464924|02|2029|571
3564580004221258|07|2028|760
3564580003641191|09|2027|665
3564580002832924|06|2026|317
4322071003532102|05|2030|242
4322071000233399|03|2029|804
4322071000230270|02|2029|958
4322071000000897|10|2029|571
4677851517198891|11|2026|893
4693080247658673|08|2026|760
4693080246852608|04|2026|666
4693080247196765|06|2026|881
4693080247166883|10|2026|147
4693080247078427|12|2026|769
4693080246946921|11|2026|399
4693080246960898|09|2026|297
4693080245981473|10|2026|965
4693080245712522|05|2026|903
4693080245521931|06|2026|923
4693080245425216|06|2026|772
4693080245260969|12|2026|125
4029886044717313|11|2028|325
4363452800295046|09|2028|453
4363452800213080|01|2028|288
4029886802134529|11|2026|813
4921599010712023|03|2027|182
4921599010806775|07|2027|798
4921599011253217|10|2027|391
4921599011228698|11|2027|608
4921599011333753|03|2028|516
4921599010677549|03|2027|878
4921599009998997|08|2026|966
4770282803710155|07|2027|866
4363467202013920|06|2026|572
5275510000271622|06|2028|845
4766715002926482|05|2028|746
4766715001998581|06|2028|957
4766715002684990|09|2027|177
4766715002533353|03|2027|722
4766711002600078|06|2027|138
4766711002536280|03|2027|575
4766711001952744|03|2028|308
4364800000076146|05|2026|759
4628260600095016|06|2027|587
4628260504256367|04|2026|629
4766705005087275|06|2027|793
4766701005509939|08|2028|958
4766701025172924|01|1931|771
4766701005394308|03|2028|914
4570660130933024|12|2027|982
4570661008001373|08|2028|181
4570661002433226|11|2027|334
4029886033617813|08|2027|856
4570665009636806|11|2028|282
4570665006538112|11|2027|811
4570665003079219|10|2027|249
4570663772642002|07|2027|668
4570663715941008|02|2027|229
4570662800626573|09|2028|112
4570662800601733|08|2028|811
4570662800618935|09|2028|300
4570662800558735|07|2028|517
4363467202047001|09|2026|324
4363467008702833|12|2028|380
4770282803365752|01|2027|229
4770282803170053|10|2026|229
4770282710266192|07|2028|736
4770282709635795|07|2028|546
4770282709403673|05|2028|374
4770282709644607|07|2028|525
4770282709148666|03|2028|336
4770282709300002|05|2028|651
4770282709225688|04|2028|316
4770282708356880|09|2027|994
4770282708241991|08|2027|993
4770282707164558|12|2026|814
4770282707134551|12|2026|465
4770282706225798|06|2026|447
4770282702429675|01|2027|632
4770282704947211|07|2026|436
4155682201302866|01|2028|233
4155682200663110|11|2027|289
4155682200262228|10|2027|838
4029886802127002|08|2026|223
4029886044697994|08|2028|511
5497821805605928|11|2027|495
5497821805215934|02|2027|731
5497821804948824|11|2026|171
5497821704460839|12|2027|146
5497821704347580|05|2027|547
5497821704187564|01|2027|451
5497821704228210|02|2027|695
5497821704094562|12|2026|875
5497821701462515|09|2026|535
4029886802051954|11|2026|377
4029886800062128|09|2028|181
4029886802039942|07|2026|988
4029886044561562|11|2027|204
4216450001020469|10|2028|647
4216450001019107|08|2028|903
4363341100103424|07|2027|822
5302200139813125|10|2026|555
4921599011535472|12|2028|510
5400419011797419|04|2028|534
5400419011689483|03|2028|870
5400419010804414|09|2027|430
5400419010771464|09|2027|750
5400419009746279|03|2027|210
5400419010110648|06|2027|635
5400419006749706|05|2027|581
5400419008865013|05|2026|107
5400419008872555|05|2026|401
5400419006205717|02|2028|226
5400410001997812|08|2026|714
5400419007490607|10|2027|506
5400419009074797|09|2026|696
5400419008853043|04|2026|651
5498540000586811|02|2026|206
4539669010927337|03|2027|895
4539669009074620|05|2027|591
4539669008427555|07|2026|555
4539669008189619|10|2028|582
5400419010583984|08|2027|199
5400419009693257|03|2027|444
4766701004283395|05|2028|781
4766701003814331|08|2026|326
4766700000277989|07|2026|360
5412889008711563|11|2028|979
5412889008686229|08|2028|930
5412889008645738|07|2028|754
5412889008619477|05|2028|284
5412889008512987|11|2027|508
5412889008455526|09|2027|375
5412889008383140|09|2027|143
5412889008360056|09|2027|279
5412889008264118|07|2027|546
5412889008263375|07|2027|754
5412889008026244|07|2026|355
5412889007636654|10|2026|416
5412889006917246|06|2026|310
4386759011188668|10|2027|199
4386759011138580|10|2027|858
4386759011092357|10|2027|944
4386759011067524|10|2027|159
4386759010543988|09|2027|600
4386759010504824|08|2027|130
4386759009802932|07|2027|784
4386759009732840|07|2027|577
4386759009637031|06|2027|830
4386759009511293|06|2027|752
4386759009493872|06|2027|975
4386759009483527|06|2027|461
4386759009259661|05|2027|234
4386759009138352|04|2027|773
4386759009037471|03|2027|120
4386759008730373|01|2027|420
4386759008475334|11|2026|701
4386759008430842|10|2026|568
4386759008143304|08|2026|599
4386759008122084|07|2026|268
4386759007959064|05|2026|419
4386759007280529|09|2028|805
4386759007244947|08|2028|670
4386759006944661|03|2028|907
4386759005859654|08|2026|506
4921599011474433|08|2028|955
4921599011225926|10|2027|334
4921599011054888|09|2027|262
4921599011051942|09|2027|972
4921599010918364|08|2027|924
4921599010867975|08|2027|616
4921599010777331|06|2027|799
4921599010584331|10|2026|301
4921599010542032|09|2026|231
4921599010490851|07|2026|814
4921599010432143|04|2026|702
4921599010404985|02|2026|786
4921599010240678|04|2028|556
4921599010015146|04|2027|725
4921599008263500|01|2028|501
4921590004979082|11|2026|440
4766725002172284|05|2028|431
4766721001749016|06|2026|831
5275510000857347|09|2028|538
5275510000484811|07|2028|260
5275510000464029|07|2028|769
5275510000285762|06|2028|552
5275510000244256|06|2028|366
5275510000238704|06|2028|702
5275510000205216|06|2028|447
4617729015485452|07|2027|189
4617729015420749|08|2027|208
4617729015406037|07|2027|211
4617729015235501|06|2027|426
4617729014769740|05|2027|233
4617729014630488|04|2027|809
4617729014563200|04|2027|755
4617729014496468|04|2027|684
4617729012679834|07|2026|296
4617729012345154|05|2026|247
4617729008157704|03|2027|457
4617729007596241|10|2026|521
5120899005290639|05|2028|770
5120899002483641|02|2028|134
5196032139481515|04|2026|140
379186330751553|07|2028|3820
379186330742453|11|2028|3697
4382890003970161|12|2028|428
4382890003951476|10|2028|887
4382890003950429|07|2027|323
4382890003934977|08|2026|569
4382890003905795|06|2028|388
4382890003905977|06|2028|280
4382890003904376|06|2028|254
4382890003901760|06|2028|245
4382890003893108|05|2028|682
4382890003892654|06|2028|529
4382890003891680|06|2028|680
4382890003870981|10|2028|767
4382890003858051|04|2028|263
4382890003843640|03|2028|402
4382890003842683|05|2027|454
4382890003817834|03|2026|738
4382890003808726|01|2028|955
4382890003803131|01|2028|397
4382890003781162|12|2027|198
4382890003749714|11|2027|636
4382890003718511|10|2027|278
4031489999899206|01|2029|226
4031489999558398|07|2028|732
4031489999082464|05|2028|217
4031489998331334|05|2028|957
4031489998236335|03|2028|142
4031489998069314|08|2027|411
4031489997365341|02|2028|376
4031489216955351|04|2028|605
4031489152310157|06|2027|682
4031484930458089|04|2028|596
5222222802606831|12|2027|357
5222220003316978|10|2028|752
5222220003465577|09|2028|211
4031484740472940|01|2028|126
4031484600526108|09|2028|184
4031484600521067|08|2028|871
4031484600512280|07|2028|387
4031484600504410|05|2028|211
4031484600488101|02|2028|512
4031484600438973|06|2027|636
4031484600227327|08|2028|873
4031484600170725|02|2028|379
4031484600096185|06|2027|982
4031484600041074|09|2026|476
4031484600025002|04|2027|939
4031484465160225|05|2028|383
4031483412034038|08|2026|776
4031482905030180|04|2028|226
4031482570990700|08|2027|844
4031482192614399|07|2028|101
4031481597248126|05|2028|808
4031480031182958|07|2026|627
4031485977552346|06|2028|850
4031485041248681|05|2028|571
4031484600383096|02|2026|896
4031488891201453|09|2027|556
4031487969970791|06|2027|167
4031488203259801|05|2028|486
4539669016960316|12|2028|514
4539669016704375|10|2028|549
4539669016516993|09|2028|565
4539669016352944|03|2028|891
4539669015967130|05|2028|180
4539669015720497|04|2028|221
4539669015678182|04|2028|324
4539669015446762|03|2028|489
4539669015353422|02|2028|926
4539669015328267|02|2028|924
4539669014993301|01|2028|335
4539669014843126|12|2027|817
4539669014755668|12|2027|806
4539669014524205|11|2027|850
4539669014487072|11|2027|480
4539669014407559|10|2027|176
4539669014292050|10|2027|166
4539669014210854|10|2027|258
4539669013851880|08|2027|350
4539669013572932|07|2027|335
4539669013568070|07|2027|515
4539669013119130|04|2027|471
4539669012642207|12|2026|215
4539669012165639|04|2026|455
4539669009377353|08|2028|760
4293138358585137|03|2027|794
4293137244981617|03|2026|327
4293133185790166|02|2027|709
4293132952233178|11|2026|155
4293139999418191|11|2027|252
4293139999185725|11|2027|963
4293139999013521|02|2028|706
4293139000018873|06|2027|987
4293139453233177|09|2026|283
4293132658279566|05|2027|713
4293132653626142|02|2026|816
4293132761963213|10|2026|123
4293132683317662|08|2027|888
4677853511797199|02|2027|782
4677851520933185|06|2028|522
4677851520595471|08|2028|622
4677851520549593|08|2028|272
4677851520495763|07|2028|168
4677851520402678|07|2028|743
4677851520012600|03|2028|894
4677851518000948|01|2027|359
4677851517448320|12|2026|160
5521159005482032|05|2027|283
5213061000208581|10|2029|573
4677854300999343|08|2027|163
4677854300977273|04|2027|996
4677853512544012|03|2028|747
4677853512409901|12|2027|880
4677853511535060|01|2027|121
4677851511102485|11|2027|621
4677853510707876|05|2026|765
4539669013872555|08|2027|102
4539669013540962|06|2027|114
4539669013427723|06|2027|309
4539669010159154|10|2028|290
4539669014242808|11|2027|580
4539669014184372|10|2027|666
4539669013884501|08|2027|231
4539669013826056|08|2027|455
4539669013810977|08|2027|999
4539669013568047|07|2027|918
4539669013555358|07|2027|771
4539669013459262|06|2027|467
4539669013344142|06|2027|419
4539669012799957|01|2027|368
5401190112574028|08|2027|306
5524092200032459|10|2028|569
5524092200031501|10|2028|547
5524092200025396|10|2028|134
5524092200022609|09|2028|507
5524092200017633|09|2028|491
5524091100105837|03|2029|904
5524091100084651|02|2029|685
5524091100056766|12|2028|876
5524091100023634|10|2028|430
5524091100023543|08|2028|841
5524091100019913|09|2028|387
5524091100017099|09|2028|551
5524091100002844|08|2028|229
5524090000800810|12|2028|248
5524090000797446|07|2028|362
5524090000765823|01|2028|889
5524090000755360|12|2027|483
5524092200008335|08|2028|790
5524091100088181|02|2029|636
5524091100087928|02|2029|208
5524091100070684|01|2029|155
5524091100062798|01|2029|776
5524091100056337|12|2028|812
5524091100053821|12|2028|759
5524091100042311|11|2028|219
5524091100025274|10|2028|362
5524091100022644|10|2028|469
5524091100004337|08|2028|927
5524090000807807|02|2029|894
5524090000796356|10|2028|938
5524090000786522|07|2028|316
5524090000709367|01|2027|686
5524090000168887|07|2026|822
4677851519652978|12|2027|668
4677851519499958|11|2027|221
4677851519279483|09|2027|223
4677851518111323|02|2027|992
4677851517107579|11|2026|518
4677851516211372|05|2026|895
============================================================

============================================================
📅 Time: 2026-03-03 18:24:23
👤 User ID: 8281475034
👤 Username: @Prime_igcc
📋 Mode: clean
📊 Cards: 38
------------------------------------------------------------
4000223499931582|10|2029|375
4000222949369674|10|2027|077
4000222959514680|11|2027|549
4000223499931582|10|2029|378
4000223423189778|07|2029|826
4000223208984005|10|2028|939
4000222816778551|05|2027|821
4000223485572416|08|2029|808
4000223107200875|05|2028|151
4000222881474144|07|2027|018
4000223232457952|11|2028|465
4000222460632096|01|2026|455
4000223419800552|07|2029|721
4000220954608374|06|2026|591
4000222845628587|06|2027|965
4000220425209356|10|2026|718
4000223170775761|08|2028|506
4000225924032506|03|2030|158
4000223480638030|04|2033|320
4000223480633957|09|2032|556
4000223480639251|05|2027|552
4000223480634732|08|2028|433
4000223480631407|07|2034|105
4000223480633767|08|2029|459
4000223480635945|09|2029|276
4000223480638352|07|2029|486
4000223480633684|01|2028|958
4000223480634724|10|2032|310
4000223361770415|04|2029|639
4000223230169096|11|2028|577
4000223282878305|01|2029|186
4000223499218451|10|2029|339
4000223399979806|06|2029|428
4000223155498405|07|2028|520
4000222800650725|04|2027|925
4000222986699132|12|2027|025
4000222999843974|01|2028|309
4000220370552354|07|2029|353
============================================================

============================================================
📅 Time: 2026-03-03 18:26:55
👤 User ID: 8348147474
👤 Username: @Bro6hs
📋 Mode: clean
📊 Cards: 50
------------------------------------------------------------
4347697127483730|09|2030|294
4347697127462585|09|2030|293
4347697127427521|09|2030|381
4347696945216140|10|2030|719
4347696945825759|10|2030|331
4347696945897592|10|2030|122
4347696945111119|10|2030|797
4347690271294284|01|2027|915
4347690271163349|01|2027|376
4347697118186367|11|2029|881
4347697118189460|11|2029|321
4347697098426312|09|2027|697
4347697098425975|09|2027|392
4347691214836231|08|2030|262
4347691214830796|08|2030|781
4347696939278825|11|2025|567
4347692063230419|09|2030|536
4347692063230088|09|2030|981
4347697125916459|07|2030|175
4347692062675341|03|2030|017
4347697127746938|09|2030|328
4347692061952709|07|2030|439
4347697124257657|05|2030|460
4347692061956718|07|2030|286
4347692061954507|07|2030|789
4347697127764741|09|2030|250
4347697127768387|09|2030|349
4347692061934244|06|2030|898
4347691115384356|11|2025|200
4347691115380677|11|2025|638
4347696945590650|07|2030|792
4347696945594405|07|2030|586
4347696945590809|07|2030|507
4347690538802341|11|2028|430
4347696945590957|07|2030|161
4347697124529907|05|2030|383
4347697124551638|05|2030|529
4347697127748850|09|2030|549
4347690271305064|02|2030|323
4347690271427470|02|2030|644
4347690271421267|02|2030|339
4347690271423842|02|2030|721
4347690271429930|02|2030|405
4347695372026113|11|2025|101
4347691115046427|03|2028|566
4347691115044679|03|2028|486
4347691115042350|03|2028|754
4347690254215587|07|2027|622
4347691115041501|03|2028|214
4347690254214317|07|2027|252
============================================================

============================================================
📅 Time: 2026-03-03 18:33:42
👤 User ID: 8243932659
👤 Username: @seducing_angel
📋 Mode: clean
📊 Cards: 2345
------------------------------------------------------------
5521154000235345|02|2026|011
4182308706317152|03|2029|659
5400697010764064|03|2026|393
5400697010693727|02|2032|556
5400692594563909|05|2026|648
5497821804616512|04|2026|252
4119110003382709|09|2031|372
4119110062283921|05|2028|144
4119110062135139|02|2028|086
4119110004610660|08|2031|840
4119110004486079|03|2031|770
4119110004412547|01|2031|750
4162057041905007|03|2031|067
4147633920145301|09|2031|237
4105239910330604|04|2029|089
4147635028646809|08|2028|635
4023103700920686|09|2030|986
4003590043480002|05|2029|488
4147633702036207|09|2030|047
4029237721672407|06|2030|109
4029237700895946|03|2030|845
4025551000176045|02|2032|598
4871040475254102|05|2029|655
379221886232011|03|2029|8647
3541036845571144|10|2026|020
3528910430650009|05|2028|325
4029886038336401|10|2027|579
3569890001328757|08|2027|330
3565180048191861|08|2027|273
3565180064340285|08|2027|661
3565180060760304|11|2027|276
3565180033965428|04|2028|042
3573910618638465|12|2029|413
3569890004731437|07|2028|963
3569890001421263|12|2027|965
3565180069357110|11|2026|848
3565180069186501|03|2029|655
3565180055524418|08|2028|096
3565180052678894|04|2027|826
3565180050077586|03|2027|970
3565180002664093|05|2027|262
3565180038964574|08|2027|015
3565180033885444|08|2026|799
3565180027445767|05|2027|115
3565180025372377|05|2027|164
3565180007924807|09|2027|772
3564580003190298|01|2027|660
3564570000041065|11|2027|719
3565180000150830|06|2029|536
3565180027165399|11|2026|801
3565180044052554|03|2028|961
3565180046936119|06|2028|147
4363452800409811|03|2029|676
4770282804533564|07|2028|653
4155682002671261|01|2028|981
4155682005070537|08|2028|936
5196032058791126|11|2028|578
4386680023744126|08|2026|994
4386680030253111|02|2026|335
4386680024067121|08|2026|368
4386680023554111|08|2026|559
4386680015653137|02|2026|482
4386680016424116|09|2026|233
4386680019099121|11|2026|953
4386680012571118|09|2026|792
4188984901192758|10|2027|988
4188984901195348|05|2027|825
5196032137197485|03|2026|036
5196032136956113|03|2026|515
5196032136558521|02|2026|701
5196032136329907|02|2026|617
5196032119988273|09|2029|573
5196032076402961|11|2028|329
5196032111959637|11|2028|595
5196032095240301|12|2028|168
5196032105111849|01|2028|453
5196032076262944|11|2028|981
5196032068238134|10|2028|008
5196032061897225|10|2028|343
5196032062589334|11|2028|200
5196032062584624|10|2028|331
5196032057484095|09|2027|941
4377099510093650|06|2026|520
4178616668772172|08|2026|319
4009937024596005|05|2029|037
4009937020205114|10|2026|920
4009937009270006|09|2028|168
4009936993423001|05|2027|587
4009936976879005|11|2026|654
4009936955663008|10|2027|173
4009936956894016|10|2027|837
4009936941431015|04|2027|726
4009936923879009|04|2027|121
4009936843784008|07|2027|015
4514617630263657|11|2026|327
4514617586853477|07|2028|202
4514617571900036|05|2028|896
4514617565858240|09|2027|083
4514617563166257|08|2029|857
4514617547338238|08|2029|563
4514617536179700|05|2029|821
4514617532164078|06|2028|548
4514617524264191|08|2029|642
4514617523992420|08|2028|090
4514611696442784|06|2029|577
4514610804020052|06|2028|978
4514610802122512|03|2027|720
4392268381240036|06|2026|342
4392260807863335|04|2027|961
4392260038923155|08|2028|333
3565180006131941|06|2029|997
3586220000302273|07|2027|776
5497821804955076|11|2026|118
6258433800794611|10|2029|550
3565180007996888|06|2029|962
3584193499050608|08|2028|501
3573643367031273|05|2029|907
3573722416391043|10|2029|925
4585819997581986|12|2028|156
4585819804074472|05|2029|971
4585814019941524|08|2028|572
5497821704606456|09|2028|256
3563420004811405|10|2026|860
3587467185147937|08|2027|429
3569890001854380|01|2028|772
3541746051731048|09|2031|712
3565180026158114|05|2029|727
3569890002807395|10|2029|709
3541042446751044|08|2031|885
3563420005587020|10|2028|718
3541040413141017|04|2030|132
3569696158408882|04|2031|086
6233209900716476|06|2028|049
5188609422262114|07|2028|688
4966881044189436|08|2026|828
4016180000055933|11|2028|870
5196032145245870|09|2026|662
5196032145172025|09|2026|779
5196032145118457|09|2026|329
5196032144279656|09|2026|862
5196032144793433|09|2026|275
5196032144776198|09|2026|533
5196032144668858|09|2026|484
5196032144606320|09|2026|015
5196032144503188|09|2026|084
5196032144359912|09|2026|274
5196032144294523|09|2026|794
5196032144058191|09|2026|488
5196032143701007|09|2026|424
5196032143635122|09|2026|879
5196032143532782|08|2026|202
5196032143402598|08|2026|702
5196032143385215|08|2026|025
5196032143288310|08|2026|746
5196032143075428|08|2026|974
5196032143003115|08|2026|865
5196032143007926|08|2026|941
5196032142651310|07|2026|205
5196032142325642|07|2026|345
5196032142390729|07|2026|709
5196032142300371|07|2026|880
5196032142007703|07|2026|380
5196032141869731|07|2026|145
5196032141818563|06|2026|794
5196032141711065|06|2026|997
5196032141622239|06|2026|979
5196032141282802|06|2026|329
5196032141194163|06|2026|923
5196032139955120|06|2026|007
5196032140876059|06|2026|286
5196032140815008|06|2026|399
5196032140394277|06|2026|388
5196032140206265|06|2026|682
5196032140160496|06|2026|166
5196032140136108|06|2026|035
5196032139940270|06|2026|362
5196032139792721|06|2026|298
5196032139805838|06|2026|337
5196032139782375|06|2026|149
5196032139360115|04|2026|613
5196032139391334|04|2026|292
5196032139340372|04|2026|346
5196032139234302|04|2026|262
5196032139189902|04|2026|754
5196032139118877|04|2026|548
5196032139117929|04|2026|662
5196032139116103|04|2026|996
5196032138768730|04|2026|004
5196032138767625|04|2026|594
5196032138677758|04|2026|459
5196032138399668|04|2026|860
5196032138430885|04|2026|818
5196032138365446|04|2026|246
5196032138332602|04|2026|983
5196032138216482|04|2026|287
5196032137874224|04|2026|078
5196032137735250|04|2026|920
5196032137617128|04|2026|376
5196032137481228|03|2026|321
5196032137371353|03|2026|632
5196032137287021|03|2026|288
5196032137148686|03|2026|920
5196032137136004|03|2026|262
5196032137105454|03|2026|852
5196032137071011|03|2026|887
5196032136610561|02|2026|086
5196032136734999|03|2026|543
5196032136577844|02|2026|697
5196032136267529|02|2026|489
5196032125583639|02|2042|505
4258608306734238|02|2032|523
4258608302039301|02|2028|751
5196032174609178|05|2028|247
5196032174725040|05|2028|713
5196032174686762|05|2028|634
5196032174643243|05|2028|644
5196032174653119|05|2028|872
5196032174593711|05|2028|983
5196032174574521|05|2028|145
5196032172518405|04|2028|118
5196032172272466|04|2028|810
5196032172124881|04|2028|976
5196032172259463|04|2028|482
6262965140050109|06|2027|442
5196032171574490|04|2028|882
5196032171572791|04|2028|192
5196032171548197|04|2028|535
5196032171522895|04|2028|655
5196032171497205|04|2028|602
5196032171495621|04|2028|898
5196032171350065|04|2028|424
5196032171156017|04|2028|756
5196032171126523|04|2028|306
5196032171069434|04|2028|268
5196032170981639|04|2028|005
5196032170783563|04|2028|082
3587300330853937|07|2028|552
3564580004122746|05|2028|257
4931952000158756|03|2029|504
4557281017757043|02|2032|579
5336539710773871|05|2026|503
5336539710788291|10|2027|338
4094400018068560|07|2027|083
4094400238885306|07|2028|194
4258608306861130|01|2028|439
4258608306847006|02|2027|915
3573767152191016|06|2030|439
3565350010750859|05|2031|886
3563420004809102|10|2026|550
5120899004759725|10|2027|329
5120899004721857|10|2027|630
3587611743148008|03|2027|721
3563420002685587|03|2026|239
3563420005474104|05|2028|674
3563430000800971|03|2029|314
3586020001852874|01|2028|680
3584030414649918|02|2042|122
3541041175191042|10|2030|029
3565350000319970|09|2029|681
3541697520531271|06|2031|687
3584030158395165|11|2028|654
3563420004829431|11|2026|431
3541690651331140|06|2027|053
3563420003795724|10|2028|135
3542795541681163|08|2028|944
3584199444114407|12|2029|710
3541040136701006|02|2030|255
3563430000891392|06|2029|004
3568128705391164|01|2027|842
3541001746161528|02|2028|025
3565360101899135|07|2030|154
3565180065201403|10|2029|900
3569696158038408|04|2031|257
3565180000926445|03|2029|111
3587612130643437|09|2027|622
3573656201721065|04|2030|695
3541028287591037|12|2029|783
3563500102076371|06|2029|979
3565180005446407|07|2029|747
3565180067517046|05|2035|620
3563420005841666|09|2029|940
3540357816941186|03|2030|514
3584030119210941|09|2027|256
3563420003283838|05|2027|741
3564187701998780|12|2027|751
3565180017067068|05|2027|066
3540444983381048|10|2029|484
3565180054618872|06|2029|871
3565180012708765|07|2029|085
3565587807194300|10|2031|344
4871047219561114|06|2028|767
4871046584662085|03|2029|466
4871040468400142|04|2029|001
4871040352110583|03|2028|154
4796560018659063|02|2028|945
4796550011398231|09|2027|715
4454715894265715|04|2027|307
4236085471161132|10|2028|538
4236083774219129|11|2027|561
379221598782006|03|2026|9170
379221357532014|10|2027|1019
379221553993002|05|2029|1867
4155682005428628|11|2028|960
5120899006050446|06|2029|533
3565180011962991|07|2028|223
3565180054546388|06|2029|076
3565350001704030|03|2031|294
3565180048156559|02|2029|828
3584030168046246|08|2029|745
3565180031641740|11|2027|123
3565180061048659|11|2027|631
3565180015940332|03|2028|112
3565180059946450|10|2027|877
3573655553171002|02|2030|875
4608887805630108|12|2028|161
4608887805310180|10|2027|321
4608887805349642|01|2028|700
4608887805262134|05|2027|995
4608887800888073|10|2029|461
4608887800881243|10|2029|280
4608887800820167|08|2027|951
4608887800815308|10|2028|087
4608887800795096|08|2029|452
4608887800778845|08|2029|194
4608887800769794|08|2029|868
4608887800773283|08|2028|359
4608887800748814|11|2027|405
4608887800741421|07|2029|454
4608887800715078|06|2029|181
4608887800693697|10|2028|663
4608887800655944|05|2029|750
4608887800582676|09|2027|539
4608887800556787|10|2028|905
4608887800354423|07|2027|070
4608887800339580|08|2027|813
4608887800334581|09|2027|103
4608887800282517|05|2027|770
4608887800242339|10|2027|028
4608887800238964|10|2027|291
4608887800232215|02|2027|781
4608885904837442|09|2028|807
4608885900384464|10|2029|686
4608885900370703|08|2029|256
4608885900351984|06|2029|238
4188984906771655|03|2029|223
4188984906771887|03|2029|117
4188984905818028|09|2029|276
4188984901961426|03|2028|674
4188984901672148|09|2028|728
4188984901534306|04|2028|330
3565180001375329|06|2029|265
6258420800124311|06|2029|810
6244050100369287|07|2027|843
5185420011442007|12|2028|952
4938970144400010|02|2026|271
4938630154341930|10|2029|577
4863303420220028|06|2029|907
4863301949000012|02|2028|134
4835199745110059|07|2029|098
4835198078220022|10|2026|919
4863300230000038|08|2029|578
4548892025307282|11|2027|721
4100410420793301|11|2028|761
4100410600274726|08|2028|833
376397643753003|08|2028|3532
377114211834001|07|2027|5447
377113337471003|02|2026|2666
5210788800042066|12|2032|552
5185420012984593|07|2031|439
5185420012579310|04|2031|357
4760734127740005|08|2026|868
4557291004613869|10|2027|480
4557281019507180|11|2029|802
4557281013590802|10|2028|890
4557281011301467|10|2026|804
4557281012814559|07|2027|906
4504050172865477|08|2030|283
4366050229511535|09|2028|338
4201840016708057|02|2027|664
4201840008698258|04|2027|791
4006121005752357|06|2026|373
4006121002514388|12|2026|931
4006121000740761|04|2026|908
377114237936004|10|2028|8546
377112413061001|04|2026|0947
376399022843009|06|2028|6022
377111366126001|06|2029|4122
376381866381007|10|2029|9219
376336545482006|08|2029|9773
4221740046234981|09|2027|006
4304450700080296|08|2027|961
4179710287505193|01|2028|084
4103890000003337|08|2028|499
4377660102208848|04|2028|323
4541910670806007|07|2029|959
5465946431852087|12|2028|471
5521154008821880|07|2027|739
4564680031151029|10|2029|875
4312260051957004|07|2026|608
4363452506370911|10|2029|799
4032658883295106|06|2029|336
5222302100484998|09|2029|071
4935310219950107|07|2027|053
5521157400129505|08|2028|321
4593540009482241|03|2029|837
5179888313777007|10|2029|089
4364800001126494|10|2029|459
5509890039687776|12|2029|682
379186139754766|10|2028|9636
3564580002639105|03|2026|725
5455122802660440|07|2029|144
5455122802651498|02|2027|264
5455122802406208|05|2027|814
5455122802215559|08|2027|775
4188984901618679|07|2028|179
4188984901501594|03|2027|134
4188984901344607|02|2028|850
6259988109066432|02|2031|625
5275510001845879|04|2029|315
5275510001832000|04|2029|376
5275510001845671|04|2029|668
5275510001842124|04|2029|880
5275510001822696|04|2029|006
5275510001818678|03|2029|600
5275510001760334|03|2029|324
4363191000016311|06|2028|455
4503070874948901|02|2026|984
4503070866877530|08|2026|710
4503070847574826|01|2029|768
5148826041136904|05|2029|879
5148826041134578|04|2029|287
5148826035704709|05|2026|476
5148826032408601|09|2026|785
5148826031981129|11|2028|187
5148826031956816|06|2026|937
5148826030943401|10|2026|414
4147633770256000|10|2028|496
5400697011128798|08|2029|785
5336539711019456|03|2029|108
5336539710600678|04|2027|538
5321968192214491|12|2029|564
4713531051721227|07|2029|225
5120899005061253|02|2028|468
4147631629279207|02|2028|962
3564580004477025|02|2029|227
3565180066126864|04|2029|814
3565180021931804|06|2029|954
4283682022386838|10|2028|733
5521573053177320|11|2026|822
5497821805032081|12|2026|476
5158819006251823|08|2027|175
4315714014697567|03|2028|582
4315714004518039|10|2027|947
4098641000055679|07|2027|179
4258608301889821|11|2029|387
5181231470061517|06|2029|806
5181231480235739|05|2029|265
5181231480404681|05|2029|097
4002153021940215|12|2028|070
4002150723619501|05|2029|037
4002150477050861|07|2029|641
4363191000348615|04|2027|349
4400660279998925|07|2029|768
4400664627188163|02|2042|112
3587300277160478|01|2029|092
3586220014484448|03|2027|065
3586020001635196|03|2029|267
3569890001704874|12|2027|120
4363191000130302|03|2027|181
5326105302877579|04|2026|275
5326103318871538|03|2030|431
5326103317028601|06|2029|477
5326103317612917|09|2029|698
5326103313708743|07|2027|213
5326103300515416|07|2030|217
5326102319270104|03|2026|750
3563420003377549|08|2027|636
4363191001612225|10|2029|027
4363191001611268|03|2028|222
4363191000529404|12|2027|168
5497821805723465|03|2028|759
5497821805678610|02|2028|462
5497821805311626|03|2027|002
5497821805176003|01|2027|255
5497821802253375|11|2026|918
5497821704543253|07|2028|999
5497821704503679|05|2028|950
5497821704462876|01|2028|440
5497821704012556|10|2026|495
4188984901208059|12|2027|601
5497821704542883|07|2028|396
5497821704610466|09|2028|217
5497821704353638|05|2027|997
5497821704228277|02|2027|427
3563430000970873|09|2029|101
3563430000877698|05|2029|659
3563430000794109|03|2029|940
3563430000456956|05|2029|372
3567773114004303|02|2029|939
3563500101128165|08|2027|792
3563420005952943|08|2029|443
5497821704460847|12|2027|610
5497821704458866|12|2027|905
5497821704438504|11|2027|572
5497821704309101|03|2027|975
5497821704134780|12|2026|469
5497821704125663|12|2026|524
5497821703965184|09|2026|106
5497821701626622|10|2026|359
5497821704088689|12|2026|272
5497821703928117|08|2026|415
5497821703905404|06|2026|897
5400693906892390|07|2029|528
5400692593328239|10|2026|578
3563420005193746|03|2028|996
3563420005200012|02|2028|843
5157217310076203|11|2031|403
5157217004340006|11|2028|732
5157216859810105|03|2030|700
4147633735335204|06|2026|928
4980001494910106|04|2026|890
4413600025054982|08|2029|055
4413600019575075|03|2029|527
4413600017294737|06|2029|222
4413600016077117|03|2029|886
4413600014690135|01|2029|526
4413600010447639|10|2028|601
4413600009791781|07|2029|650
4413600009443748|08|2028|456
4413600005287529|01|2029|390
4413600026261255|10|2029|639
4413600023803745|08|2029|247
4413600022513675|04|2029|770
4413600019154152|10|2029|573
4413600017306002|01|2029|900
4413600017116047|09|2028|561
4413600017143330|12|2028|416
4413600009520586|03|2029|383
4413600007305287|10|2028|038
4413600008518672|11|2029|712
4413600002861896|06|2029|479
340161244291000|09|2027|2976
340148017202009|08|2029|9097
340092702281003|06|2029|7134
340092696111018|05|2029|9052
340092526131004|03|2029|2766
340092527661009|04|2029|6010
340092321351005|02|2029|6571
340092168711006|01|2029|8128
340092153851007|01|2029|0863
340092094601008|01|2029|0474
340090212061006|07|2029|5784
5425504504006716|12|2026|013
5425504504009140|05|2026|796
5425504503793041|11|2026|927
5425504503725761|10|2026|429
5425504503723063|07|2027|779
5425504503688829|01|2027|668
5425504503592492|01|2027|587
5425504503554062|12|2026|841
5548274129902424|09|2028|087
5548275014792713|07|2026|700
5548274101171543|04|2028|092
5548274032482290|04|2029|783
5548274032520545|05|2029|819
6250851621790104|04|2028|960
6233209900936579|10|2031|843
6233209900805956|11|2030|832
4550530109010506|01|2031|499
4550530069036582|03|2031|866
4550530061002244|01|2029|174
3541697922681138|12|2030|310
4677850800380869|12|2027|019
4677850800331516|09|2027|321
4677850501122990|05|2026|150
4677850800255970|10|2026|420
4363341200283753|12|2028|743
4400430224458684|04|2027|327
4400430224332194|03|2026|749
4400430223875136|01|2027|188
4400430216991353|04|2026|218
4400430201756712|08|2026|898
4400430200439484|07|2026|333
4400430200784574|09|2026|891
4042810005504414|10|2028|220
4042810007690013|12|2028|848
4258608303721923|09|2027|090
5321962127397323|06|2030|540
5321962016996110|02|2029|370
5589366660006423|08|2026|401
5589366633036911|03|2027|380
5588930004215106|06|2030|290
5588930002257001|07|2028|655
5546600012922123|12|2028|810
3569890009107989|06|2029|546
3569890002993872|10|2029|792
3569890006907514|06|2029|050
4265620370085505|10|2029|884
4162930087072009|11|2027|677
4155520267909937|08|2029|005
4258608306896474|06|2028|900
5488093704849525|06|2028|800
5488093704843122|06|2028|726
5488093704789168|06|2028|399
5488093704625628|05|2028|114
5488093704374565|04|2028|792
4188984901409756|02|2028|413
4188984901401720|02|2028|935
4188984901273863|02|2028|165
4188984901295163|02|2028|148
4188984901184755|11|2027|298
4188984901134461|10|2027|360
4188984901249533|06|2029|989
4188984901208604|10|2028|106
4188984901137563|10|2027|506
4177490191237520|02|2030|829
4177490110612225|12|2030|729
5441191000106420|12|2028|910
5243601100423533|05|2029|083
4170336053812131|05|2029|696
4777920000146441|04|2032|504
4105201027516624|08|2029|873
4580854000130971|05|2030|262
4580390000299060|07|2026|170
4580200105552489|07|2026|627
4406120003710405|11|2027|423
4403020410112372|12|2027|677
4286090185561451|03|2028|171
4286090139874174|10|2028|569
4286090109630242|03|2029|604
4286090106674573|10|2027|197
4192910600037246|03|2029|151
4132925578014707|05|2027|423
4026450389699538|10|2026|873
4026450381890689|03|2026|785
4026450368143706|08|2026|650
4026450338115651|10|2026|589
4026450340040087|08|2026|049
4026450335069117|02|2026|555
4026450326697066|10|2026|724
4026450322786616|10|2026|505
4026450318078754|04|2026|033
4026450311112683|09|2026|456
4026450301552807|09|2026|832
5220520004355806|02|2030|026
4162057035363502|01|2030|605
4162057044429203|12|2031|682
4147636810267507|08|2031|029
4147633780505503|11|2029|947
4147633766242907|06|2028|180
4283682020513979|01|2028|666
4162057043999503|01|2032|567
4162057041750809|03|2031|301
4162057024097301|02|2029|710
4147635827378000|07|2031|654
4147635035441202|08|2030|570
4147633767138500|06|2028|548
4147633705569808|02|2031|641
4147630021976808|08|2026|233
4023106480104710|06|2028|768
4023106409464773|02|2028|026
4023106407490804|09|2027|709
4003553003460604|07|2030|952
5520031302527309|02|2029|358
5520036621010705|08|2031|057
5466960080402622|02|2030|761
5466960080395701|03|2031|205
4258608306854135|11|2027|954
4258608306832651|06|2027|577
4258608306792749|05|2026|796
4258608000341512|04|2029|651
376240137336093|10|2027|7131
4258608303943501|02|2041|122
4258608303489117|06|2028|302
4258608303012406|01|2029|038
4258608302733465|07|2029|643
4258608302518619|08|2029|005
4258608302144028|03|2029|156
4258608302088423|02|2029|305
4258608301955127|02|2042|122
4258608302032322|01|2029|693
4258608302033213|01|2028|549
4258608300755510|03|2026|207
4258608300667020|03|2029|766
4258608300392520|12|2029|620
4258608201120418|06|2029|191
4380456747399000|01|2032|430
4563210010630602|04|2028|712
4380456747397301|04|2031|954
4380450798429600|02|2029|296
4284306880388426|05|2029|598
4284306809387079|11|2027|274
4363191000408815|04|2029|421
4363191001613827|03|2029|698
4363191000579409|02|2029|578
4363191000594119|05|2027|809
4363191001612852|09|2029|739
4363191001613603|06|2029|498
4363191001613454|11|2029|040
4363191001611342|09|2028|803
4363191000272138|04|2026|469
4363191000603704|07|2029|936
4363191001614098|10|2029|890
4363191000103424|06|2028|359
4363191000129908|03|2027|702
4363191000040600|06|2026|505
4363191001613561|07|2029|164
4363191000323006|04|2026|905
4363191000466508|10|2026|088
4258608304135016|10|2029|763
4258608306732869|02|2032|549
4258608303977012|12|2026|995
4258608002406115|04|2028|169
4724090851604296|04|2028|664
4724090099124867|05|2029|757
4646910000189151|04|2028|049
4540331689155016|02|2041|102
4258608002459379|08|2029|641
4258608002395797|03|2027|556
4258608000175407|03|2027|367
6233750168333454|04|2028|027
6226890111006788|04|2026|227
6259760184515660|02|2027|410
4413600096852199|09|2028|279
4413600097036925|05|2029|704
4413600084363365|12|2028|392
4413600082405747|09|2028|746
4413600070208558|12|2028|471
5156768458379586|10|2028|694
4284303802655636|08|2027|655
4284303801837243|02|2027|876
5286672410341424|12|2027|427
5286672051742385|12|2027|215
5286670807221597|12|2027|601
5286670465594723|12|2027|690
5286670668825866|12|2027|787
5286670421181573|12|2027|890
5286670353233053|12|2027|849
4284306801054263|05|2027|754
4284303807255713|04|2029|470
4284303806979008|02|2029|332
4284303806628910|03|2028|630
4284303806476435|11|2028|266
4284303806463557|05|2028|687
4284303805452684|09|2027|988
4284303803988630|07|2027|306
4284303803490405|08|2027|802
4284303803108833|06|2027|903
4284303801925857|03|2027|516
4284303801473809|12|2026|942
4284303280052363|06|2029|353
4284300880423606|03|2029|531
4284300880322691|11|2028|094
4284300880317725|03|2029|053
4284300805102483|05|2029|581
4284300804940925|07|2029|095
4284300804679788|12|2028|402
4284300803568685|03|2028|525
4284300802589948|02|2028|614
4284300802133465|03|2027|396
4284300802416316|05|2027|488
4284300801861843|09|2027|357
4284300800153846|08|2026|351
5391631003259106|04|2028|077
5391631003264254|05|2028|287
5391631000185718|05|2028|409
5157140005863786|12|2029|814
5157140002703019|03|2026|860
5157140000524003|07|2026|567
5157140004618819|09|2027|729
5157140004631135|05|2026|059
5321962341579938|09|2029|499
5321962302187382|12|2028|776
5321962126992033|08|2030|219
5321962071451738|07|2028|236
5321962060638584|06|2031|696
4779100015751604|02|2032|529
6226560140488048|02|2032|734
6226560179450380|11|2026|597
5378323674526115|06|2029|146
4065950764080081|11|2026|547
4580090109508862|09|2027|484
4580070108903637|02|2027|820
4580040108149101|11|2026|527
4580010107229667|06|2030|517
4403020410174877|09|2029|780
4319060460122650|11|2027|570
6252500045050813|02|2032|766
6225768383018437|06|2029|841
6222531027203366|09|2027|070
6243452757301095|06|2029|485
6243310037385553|05|2029|094
6233209900881783|07|2031|895
6233209900810352|12|2030|026
6233209900750731|08|2028|412
6225970091168757|09|2031|892
6225970080902216|09|2027|827
6221575209287896|07|2026|807
4258608302300216|06|2027|468
4258608302427100|07|2028|178
4258608301480233|07|2028|488
4258608301326923|05|2027|856
4258608300439529|01|2029|369
4258608300422624|12|2028|306
4258608300293702|10|2026|143
4258608101060359|04|2027|131
4258608002472141|02|2029|767
4258608002464932|02|2029|824
6282880119618081|08|2026|317
6259452811522786|06|2026|466
5120899006266604|10|2029|479
5120899006268576|10|2029|318
5120899006257637|09|2029|659
5120899006223811|09|2029|862
5120899006226426|09|2029|814
5120899006219561|09|2029|324
5120899006203193|09|2029|673
5120899006202104|09|2029|547
5120899006200967|09|2029|989
5120899006200900|09|2029|097
5120899006199953|09|2029|836
5120899006184831|08|2029|264
5120899006182769|08|2029|876
5120899006181431|08|2029|167
5120899006169451|08|2029|127
5120899006154131|07|2029|030
5120899006140726|07|2029|861
5120899006141062|08|2029|327
5120899006149503|08|2029|446
5120899006102429|07|2029|034
5120899006064140|07|2029|571
5120899006056088|06|2029|184
5120899006028012|05|2029|768
5120899005973945|05|2029|020
5120899005953376|05|2029|629
5120899005934889|04|2029|681
5120899005969562|05|2029|211
5120899005967087|05|2029|685
5120899005921381|04|2029|579
5120899005910640|04|2029|013
5120899005892186|04|2029|689
5120899005897870|04|2029|803
5120899005888663|04|2029|370
5120899005886170|03|2029|773
5120899005878391|04|2029|304
5120899005800395|02|2029|652
5120899005862635|03|2029|779
5120899005837611|02|2029|072
5120899005816904|03|2029|335
5120899005779508|02|2029|839
5120899005731970|12|2028|658
5120899005702260|12|2028|072
5120899005694038|11|2028|173
5120899005690010|11|2028|933
5120899005679104|12|2028|928
5120899005682058|12|2028|767
5120899005660278|11|2028|234
5120899005593065|10|2028|666
5120899005382329|06|2028|035
5120899005364335|06|2028|980
5120899005371397|07|2028|669
5120899005323232|05|2028|054
5120899005344998|06|2028|377
5120899005305007|06|2028|171
5120899005234819|04|2028|882
5120899005094502|03|2028|039
5120899005175699|03|2028|797
5120899004952247|12|2027|471
5120899004847835|11|2027|911
5120899004781927|10|2027|510
5120899004768981|10|2027|289
5120899004749833|10|2027|450
5120899004618814|08|2027|290
5120899004584321|08|2027|066
5120899004575089|08|2027|876
5120899004492038|07|2027|671
5120899004478466|07|2027|772
5120899004456629|07|2027|779
5120899004367867|06|2027|167
5120899004405352|06|2027|663
5120899004221601|04|2027|561
5120899004207915|08|2029|925
5120899004189824|03|2027|691
5120899004175666|03|2027|612
5120899003986113|11|2026|701
5120899003989745|11|2026|538
5120899003363586|08|2028|743
5120899003280145|05|2027|738
5120899003251815|01|2027|609
5120899003171732|07|2026|937
5120899003144531|04|2026|253
5120899002446085|07|2026|869
5120899002384740|02|2026|043
5120899002133329|05|2026|160
5120899001879856|03|2028|995
5120899001003127|09|2028|699
5120899001493518|09|2026|622
5120899001611119|04|2027|166
5120899001527554|11|2026|211
4178616668643373|03|2026|626
5242523093002218|04|2029|407
4507163000827473|05|2027|827
4466710000202393|04|2026|435
4017080009141412|08|2027|732
4258608001204321|01|2029|804
4935310075105101|02|2029|148
4935310074731105|01|2028|208
4935310069127103|01|2028|058
4935310058689105|11|2028|161
4935310056226108|11|2028|408
4935310053167107|10|2028|174
4935310064493104|11|2028|978
4935310029923104|04|2028|540
6225781899802699|09|2027|093
6225970088503495|06|2030|898
6225780601758066|10|2026|491
6225751180995619|05|2028|958
6225750801042207|11|2029|647
4258502394695924|05|2029|703
4258502339081545|01|2030|950
4220070453608191|05|2031|056
4075050284275598|09|2029|927
371330813404011|09|2029|7221
371307514812007|10|2028|9211
372540016091022|09|2029|9236
372524668351009|09|2028|2705
372575318824001|01|2029|9815
4410870913091759|02|2041|820
5521154007145984|01|2029|878
5521154006968832|11|2029|598
5521154006906931|10|2029|485
5521154006613685|08|2029|912
5521154006448694|07|2029|962
5521154006523322|07|2029|426
6262790012492209|01|2028|269
6222280700923680|05|2028|240
6222350041061225|08|2030|379
6221560499379231|05|2026|598
6250330140861621|08|2029|660
4386759013507386|12|2028|343
4386759013491029|12|2028|332
4386759013491698|12|2028|159
4386759013487142|12|2028|348
4386759013486706|12|2028|504
4386759013461568|12|2028|301
4386759013437980|11|2028|888
4386759013468621|11|2028|779
4386759013434250|11|2028|749
4386759013409054|11|2028|944
4386759013409864|11|2028|686
4386759013410904|11|2028|262
4386759013369407|11|2028|993
4386759013351975|11|2028|571
4386759013351165|11|2028|228
4386759013294746|10|2028|516
4386759013307886|11|2028|332
4386759013266553|10|2028|209
4386759013263733|10|2028|587
4386759013241598|10|2028|584
4386759013236770|10|2028|700
4386759013202251|10|2028|273
4386759013196784|10|2028|929
4386759013162265|10|2028|981
4386759013179319|09|2028|785
4386759012964190|08|2028|698
4386759012948730|08|2028|433
4386759012940018|08|2028|409
4386759012900723|08|2028|112
4386759012897366|08|2028|344
4386759012899388|08|2028|606
4386759012842891|07|2028|738
4386759012886674|08|2028|153
4386759012809601|08|2028|215
4386759012790363|07|2028|882
4386759012782634|07|2028|318
4386759012769458|07|2028|160
4386759012756729|07|2028|772
4386759012765472|07|2028|783
4386759012686140|06|2028|111
4386759012655699|06|2028|186
4386759012591977|06|2028|367
4386759012648843|06|2028|963
4386759012590896|06|2028|442
6262780001133682|08|2029|167
6262780001140281|08|2029|544
6258101675082236|08|2028|175
4258608303370218|05|2027|188
4258608303341508|05|2029|872
4258608303333711|05|2029|399
4258608303330923|05|2029|706
4258608303332705|05|2029|287
4258608303132600|03|2029|779
4258608302887501|12|2028|782
6225768755311386|09|2028|528
6225768224646040|11|2031|642
4283682016961943|09|2026|221
4283682008591906|12|2028|131
4213330032603595|10|2028|384
6250330241520282|11|2029|791
6250330242517501|09|2028|284
6250330099919107|11|2026|761
6250075106154004|04|2028|325
376174627441008|10|2028|2820
376129004663004|01|2028|6421
6263015900512804|05|2026|331
6262780301760788|10|2026|541
6262780000732443|02|2029|099
6262780000583028|04|2026|916
6252500040845142|07|2031|498
6251721115730123|03|2028|419
6250634600002877|12|2027|686
6250351014153101|11|2027|984
6250330192695570|08|2028|772
6250330114086106|10|2027|138
6244367102594351|08|2029|647
6243910019166432|06|2027|669
6243720100034146|04|2033|715
5400692345717044|11|2029|084
5400692333560018|10|2026|881
5400692175908010|07|2029|060
5400692145147012|07|2029|077
5400692132940015|02|2027|135
5400691180384936|06|2029|665
5400691111510005|12|2027|285
6225760019745970|09|2028|399
6225760016628336|04|2028|595
5400691180384340|11|2029|317
5400691180382856|11|2029|256
5400691178107315|09|2028|948
5400691174898719|04|2027|724
5400691160593035|06|2028|013
6262963331076348|08|2028|351
6259980103055784|01|2032|301
6259452812952297|10|2027|134
6259190382923476|04|2028|484
6259065115236356|05|2027|287
6251632300220756|08|2028|278
6250330228712951|05|2029|510
6250330238815315|10|2028|191
6250330237474767|10|2028|433
6250330117541107|11|2027|631
6250075111560005|05|2027|435
6250330109427109|09|2027|706
6250330106164101|06|2027|474
4003618500662786|08|2029|396
376357693311011|05|2028|0656
4556333502325751|06|2028|776
4556333500257402|08|2028|073
4974908510264110|05|2026|449
4974908316035227|06|2027|553
4974907605054766|06|2027|804
4974907603034455|11|2026|846
4974148806964400|09|2026|727
4974723049396550|09|2027|268
4974148808244553|01|2027|191
4974148722664431|07|2027|253
4974148715281201|10|2026|425
4973019336449140|09|2026|076
4970438087193314|05|2028|925
4970437511228753|03|2028|309
4970437265597874|09|2028|827
4739202321971006|03|2027|014
4633444058207702|02|2027|593
4633441120551109|11|2026|455
4633442317555309|01|2027|781
4633442330495400|09|2027|638
4633440336848101|09|2026|875
4633433883789430|09|2026|777
4633430289662047|02|2027|620
4533529111670986|02|2026|538
4533529923832345|02|2028|443
4533528126053147|03|2028|139
4165387693671111|05|2028|780
4165387906725084|05|2028|472
4165387469737401|02|2032|516
4165387424379075|09|2026|408
4165387644205308|05|2027|004
4165387645185277|03|2027|294
4165387337627222|10|2029|421
4165387410347227|06|2026|896
4165387414071427|05|2026|315
4150640004335413|08|2029|349
4125253936797007|09|2027|906
4125253906748006|11|2027|256
4125251774372206|09|2027|655
4125242328117106|09|2027|598
4125242317108009|06|2026|282
4125240799765007|03|2027|209
4125240883436101|09|2027|240
4125240895024101|05|2027|248
4125226682689800|06|2027|597
4125224615858055|09|2027|946
374989689351007|11|2027|7235
4065616016521079|02|2032|599
4065616056773812|02|2032|520
374988838981003|03|2028|8501
374988181613005|08|2028|3621
374987934381001|02|2029|0402
374987670951009|04|2029|1475
374989015592001|08|2029|7424
374988100022007|06|2028|2542
374988363781000|06|2029|2958
374967155952003|07|2028|4360
374931003992009|07|2029|3747
374931068731003|10|2027|2636
374911243937006|09|2028|2172
374913565501006|08|2029|7334
374912083083000|04|2027|5880
374910474758008|02|2029|9166
374909840542005|05|2026|5013
374904057415003|07|2029|9417
374905578161000|02|2029|2920
374903619622007|02|2032|5625
374908299752008|01|2029|8654
374902181541033|08|2029|6543
4258608002453414|07|2029|041
4258608002452879|07|2029|631
4258608002445618|05|2029|998
4258608002430578|01|2029|611
4258608002435502|03|2029|060
4258608002440148|04|2029|123
4258608300139228|08|2029|196
4258608002440361|04|2029|131
4258608002440189|04|2029|989
4258608002405513|04|2028|811
4258608001416214|12|2027|192
4258608001439117|10|2028|652
4258608001211011|01|2028|310
4258608001236000|03|2029|959
5400693904796809|01|2027|056
5400697001195302|04|2026|232
5400693802759800|06|2026|250
5400693696331039|07|2029|879
5400693685211002|07|2026|270
5400693680054043|06|2026|707
5400692599931408|12|2026|787
5400692599111407|09|2026|661
5400692598587144|07|2027|852
5400692596306513|10|2028|748
5400692594944737|06|2028|860
5400692594677303|05|2026|053
5400692594509308|03|2026|193
5400692594026006|06|2026|003
5400692593698805|07|2026|924
5400692570443035|06|2027|000
5400692559121016|04|2028|087
5400692499431038|09|2027|325
5400692521316009|11|2027|401
5400692463065044|07|2028|890
5400692429759045|12|2029|083
5400692376361019|02|2029|270
5400692324913002|09|2026|172
5400692191922037|08|2027|749
5400692163565004|05|2026|682
5400692169592002|05|2026|368
5400692173163022|05|2026|736
5400692128863031|09|2028|852
5400691180384431|07|2029|938
5400691171513022|02|2028|631
5400691160076015|06|2027|953
5400690620412422|02|2029|803
5400690926689038|07|2027|515
5400690984499023|09|2028|473
5400690906040012|11|2029|729
5400690928329112|09|2028|251
5400690195751006|07|2026|808
5400690316640575|07|2029|094
5400690074355010|11|2026|765
5400690074257018|06|2028|583
5400690024008867|07|2026|224
4564680120791206|10|2026|138
4564680120622401|07|2027|425
4564680120077093|06|2027|152
4564680119791274|02|2028|821
4564680031383374|11|2028|212
5391631000447803|10|2026|008
4674982200051767|04|2028|936
4508811101771375|06|2029|830
4508811101270451|02|2027|513
4508811009320788|11|2027|500
4508811100810950|08|2027|997
4481656994998168|09|2026|725
4552051009069300|03|2028|060
4552051008250828|07|2027|200
4552051007567420|04|2026|812
4770371016716990|06|2028|702
4770371017647822|01|2029|098
4016180000090971|04|2028|339
4016180000088801|04|2028|189
4016180000083547|09|2028|199
4016180000086953|07|2028|944
4016180000070239|04|2028|503
4016180000069108|03|2028|749
4016180000063267|05|2028|215
4016180000000921|12|2028|027
4016180000006415|05|2028|463
4016180000007934|09|2028|947
4016180000002554|01|2028|944
377668110003422|03|2028|4629
376186464253007|11|2027|5411
376187058262008|02|2028|2008
376186896172007|01|2028|2262
376187599551000|04|2028|5626
376171876241030|09|2026|0789
376135900512005|09|2028|3277
376134258656001|02|2028|0516
370286003470652|02|2026|5085
340099331411000|07|2026|6095
340099378541008|05|2029|6077
340099271051006|08|2029|3263
340099249211005|07|2029|1685
340099214381007|05|2029|4759
340099212461009|04|2029|9130
340099221231005|07|2029|1867
6225758224110048|12|2030|060
6225760006881812|12|2027|974
6225757606852946|01|2030|084
6225752179521002|04|2029|527
6225750018765673|04|2028|745
6259204000045180|08|2029|224
6259204000183825|09|2029|580
6259206600129322|07|2029|570
6259452812344263|09|2029|985
6258650037913645|05|2031|721
6258433800781899|08|2029|122
6258433800777442|06|2029|211
6258433800635962|06|2029|259
6250351099941859|11|2028|370
6250351012404100|10|2026|271
6250330288002681|03|2029|291
6250330294229245|05|2029|354
6250330195426619|09|2028|202
6244367101022693|02|2029|011
6244780012105441|05|2028|187
6244082100009233|04|2028|577
6226880589366590|07|2027|345
6226560712838182|05|2031|473
6226560111635247|06|2027|975
6225970003447745|06|2027|423
6225768775295817|11|2029|094
4966230038960719|04|2028|188
4966230033363547|02|2042|564
5424181502230894|02|2027|890
5424181468700120|09|2027|379
5189410041366066|03|2028|132
4216890340610563|07|2029|310
4216890331137527|07|2027|619
4216890331318002|07|2027|810
4216890321023448|03|2029|121
4216890200854046|02|2027|179
4216890105429324|01|2028|635
4207670288947222|03|2028|792
4207670307889793|06|2029|208
4207670180088984|08|2029|379
4207670238452380|07|2029|189
4207670277112424|12|2027|472
4207670151358515|06|2027|955
4147202271602268|08|2029|889
4147202166558724|06|2027|992
4147202143458915|02|2041|112
4617729003555332|07|2026|662
4617729003466142|05|2026|181
4617729003731370|11|2026|287
4617729001229765|07|2026|699
4617729001289538|09|2026|243
4617729002205509|10|2028|573
4617729001298695|10|2026|320
4617729001744458|03|2028|315
4617729001890418|07|2028|022
5400697011139704|09|2029|018
5400697011145164|09|2029|489
5400697011132634|08|2029|218
5400697011136098|08|2029|320
5400697011132469|08|2029|069
5400697011129341|08|2029|009
5400697011130372|08|2029|210
5400697011130430|08|2029|692
5400697011127071|08|2029|250
5400697011121504|03|2029|917
5400697011121579|02|2029|905
5400697011119326|07|2029|964
5400697011094958|06|2029|528
5400697011088612|04|2029|732
5400697011081773|03|2029|526
5400697011047444|12|2028|028
5400697011079603|03|2029|696
5400697011028386|10|2028|141
5400697011022280|09|2028|150
5400697011020979|11|2028|207
5400697010987798|06|2028|537
5400697010972774|09|2028|854
5400697010991618|06|2028|259
5400697010968566|04|2028|215
5400697010973434|06|2028|865
5400697010932638|01|2028|108
5400697010911962|11|2027|034
5400697010810651|12|2026|834
5400697010822227|02|2027|137
5400697010755237|03|2029|746
5400697007958208|11|2028|775
5400697007572306|07|2028|061
5400697007820713|09|2027|875
5400697005736804|05|2028|314
5400697006036212|07|2027|218
5400697003738604|05|2027|480
5400697003790910|05|2026|197
5400697003767017|04|2027|647
5400697003179015|01|2027|577
5400697002296406|09|2026|414
5400697002047601|08|2026|125
5400697002743704|11|2026|355
5400697001116308|04|2026|857
5400693905443021|02|2026|672
5400693903262506|05|2027|820
5400693904028112|08|2028|138
5400693904372320|10|2028|259
5400693804001110|07|2029|678
5400693804001037|09|2029|566
5400693802860806|01|2027|251
5400693904094510|08|2028|727
5400693902425005|04|2027|750
5400693804000658|10|2029|904
5400693802834215|10|2026|342
5400693801552016|07|2027|784
5400693695030012|07|2029|822
5400693800519016|06|2027|806
5400693688732020|07|2028|028
5400693684206003|06|2026|310
5400693636454024|09|2028|988
5400693618763046|07|2027|724
5400693618119033|09|2028|118
5400693609629040|09|2029|347
5400693606209028|09|2027|189
5400693607420020|09|2029|719
5400693601232017|09|2027|886
5400692599157111|09|2026|662
5400692598200227|06|2027|897
5400692598445418|07|2029|948
5400692598721818|08|2029|708
5400692596343128|10|2029|069
5400692595099010|06|2026|651
5400692594982505|04|2026|119
5400692595335737|06|2029|622
5400692594830142|05|2029|008
5400692594643727|05|2028|020
5400692594583436|05|2026|068
5400692594486317|05|2029|393
5400692594322009|04|2026|786
5400692594133836|03|2028|171
5400692594098005|05|2026|290
5400692594338906|04|2026|084
5400692594270828|03|2029|142
5400692594177700|06|2026|437
5400692594179011|02|2026|369
5400692594140120|03|2028|782
5400692593971210|03|2027|512
5400692592275027|10|2028|351
5400692593219727|07|2029|603
5400692592480015|11|2027|605
5400692592414865|11|2029|889
5400692579111005|07|2027|116
5400692559497002|04|2026|858
5400692547589050|01|2027|839
5400692521885011|11|2029|530
5400692517873021|11|2027|714
5400692522529030|11|2027|011
5400692527256027|11|2027|433
5400692517847025|11|2028|777
5400692512025049|11|2028|875
5400692521034032|11|2029|066
5400692511021833|12|2028|313
5400692490832044|09|2027|517
5400692493357023|07|2028|854
5400692490958013|07|2027|535
5400692484692040|09|2028|138
5400692470803049|06|2029|853
5400692481532033|09|2028|189
5400692457222049|04|2029|565
5400692474835047|06|2029|966
5400692456464006|04|2026|482
5400692453058033|04|2029|437
5400692428621014|12|2027|327
5400692411757015|11|2028|200
5400692391496014|03|2028|007
5400692397564013|04|2029|434
5400692376101019|02|2028|478
5400692383030045|03|2029|199
5400692359870010|12|2028|919
5400692366780020|01|2029|405
5400692351842025|11|2026|489
5400692361952053|12|2029|744
5400692326617023|09|2028|288
5400692341621018|11|2026|592
5400692322790006|09|2026|135
5400692329297054|10|2027|358
5400692322463042|09|2029|866
5400692305556010|08|2029|709
5400692321488032|09|2029|265
5400692314275032|09|2029|771
5400692201681003|06|2026|876
5400692155935058|04|2027|517
5400692160430103|05|2026|212
5400692152375043|04|2026|028
5400692146541023|03|2027|879
5400692141258029|03|2027|216
5400692128991014|01|2028|231
5400691180384209|10|2029|443
5400692113575020|11|2028|614
5400692122300014|12|2027|647
5400690425611038|09|2026|394
5400690423139024|09|2027|950
5400691180381429|09|2028|857
5400690421000012|07|2027|431
5400691176427004|12|2027|845
5400691176127216|08|2029|709
5400691175427914|09|2027|357
5400691172830037|04|2028|011
5239100001796796|08|2029|801
5400690177441022|05|2029|667
5400690103681014|03|2029|119
4085652076408903|08|2027|065
379186330258344|04|2028|7266
379186330263047|07|2028|0426
379186330252891|05|2028|6207
379186139798144|09|2029|4815
379186139759385|02|2029|9923
379186139758445|02|2029|5492
6225768790667057|09|2029|815
6225768706566799|10|2029|203
6225768600313991|12|2029|408
6225768312518606|03|2029|670
6225768731306468|06|2032|951
6225767848558888|03|2031|180
6225767757443015|07|2030|512
6225767571879311|04|2029|035
6225760786719885|09|2029|526
6225750042018040|05|2031|658
6224725000164573|11|2028|222
6222271000187373|08|2027|874
5120899004278346|04|2027|273
5120899003973285|11|2026|109
5120899004119532|02|2027|780
5120899003933438|09|2026|883
5120899004135132|02|2027|749
5120899004163605|03|2027|745
5120899004063342|01|2027|656
5400691146960019|11|2028|561
5400691129982014|07|2027|793
5400690997950038|08|2028|872
5400690915918026|12|2029|643
5400690953935031|06|2029|939
5400690421599021|06|2027|481
5400690316640187|07|2028|035
5400690117950025|07|2028|478
5400690192719006|04|2026|406
5400690110563023|05|2028|183
5400690105617024|04|2027|860
5400690305869037|07|2028|993
4147633785356803|04|2030|935
4147633914513506|02|2031|963
4147633910444508|10|2031|033
4147633761685001|02|2028|195
4147633720991607|10|2029|064
4147633706820903|05|2031|038
4147631630638706|06|2028|848
4056508808111907|12|2031|095
4023106780070421|04|2029|026
4023106480340900|07|2029|434
4023106480139112|01|2028|198
4023106403364615|07|2027|798
4258608001294827|06|2027|587
4258608000929829|12|2027|976
4258608000993304|04|2028|057
4258608000474909|09|2026|990
4258608000466806|08|2026|638
4258608002444413|05|2029|455
4258608002409390|06|2028|493
4258608002400365|02|2028|405
4258608002367044|03|2026|217
4258608001395400|02|2040|112
4258608001400416|12|2027|803
4258608001013300|05|2028|595
4258608000103300|10|2026|220
4284303803674693|06|2027|762
4284303803634739|06|2027|165
4284303804242573|07|2027|835
4284303803368866|10|2027|236
5157216826535405|11|2026|799
5157216822403707|09|2026|913
5157216822425205|09|2026|865
5157216820134403|08|2026|322
5157216818728208|07|2026|105
5157216818111504|07|2026|955
5157216816931903|06|2026|684
5157216808572004|03|2026|971
5157216807243508|02|2026|770
5157133000764398|05|2027|658
5157133001901726|01|2028|675
5157132800037120|08|2026|265
4748323100064117|10|2028|004
4748323000520143|02|2029|089
4284300880237295|05|2027|358
4284300804845330|05|2029|201
4284300803914665|04|2028|526
4284300804624123|09|2028|082
4284300803810525|02|2028|288
4284300802418825|08|2027|683
4284300801590210|08|2027|723
4284300800506746|10|2026|716
4284300801182711|04|2027|629
4283682024635976|12|2028|420
4283682025047742|08|2029|383
4283682022625896|12|2028|408
377668116201459|01|2028|7251
5491862022995664|12|2028|427
5491862021831084|08|2026|169
4284306801748823|04|2027|187
4284303805788863|01|2028|665
4284303805382923|04|2028|458
5157216836205205|05|2027|393
5157216826143507|11|2026|869
5157216818737506|07|2026|939
5157216817464102|06|2026|389
5157133080067969|07|2027|574
5157132880353934|12|2028|355
5149146602493100|04|2026|368
5148691082628809|10|2028|637
4748323080128452|06|2029|588
4748323100252399|02|2040|112
4284303803690699|02|2028|048
377668520229096|06|2028|8866
4155682000194381|08|2027|252
4155682000088443|08|2027|197
4155682000201772|08|2027|846
4155682000097428|08|2027|756
4040080818465359|04|2031|040
4040080807895582|03|2029|386
4040080804754253|04|2028|345
4040080802039368|04|2029|333
4029876902863804|09|2030|114
4029876405613185|01|2031|272
4029238870220865|12|2028|305
4029237776577576|08|2029|687
4029237765948226|03|2030|838
4029236675528888|06|2030|206
4029236654303907|07|2030|009
4029236605252120|10|2029|137
4003618780476188|06|2030|227
4003618708415060|10|2030|214
4003590027356004|03|2029|648
376357106971005|02|2028|4094
4284303806799372|10|2028|554
4284303804286786|06|2027|639
4284303804247085|07|2027|861
4284303802974250|11|2027|316
4162057036448104|03|2030|045
4147631624384804|09|2026|441
4147630028538106|10|2031|184
4284303300535892|01|2031|294
4162057028922603|07|2029|725
4147633904362807|11|2030|024
4284300280382436|03|2030|115
4283682024472495|11|2028|303
4162057037770902|08|2030|596
4162057023528504|12|2028|589
4162057020867608|09|2028|984
4162057019085105|07|2028|976
4162057018121307|06|2028|604
4162050103279809|10|2031|369
4147635305977505|12|2030|397
4147635037974705|04|2031|099
4147633921417006|07|2031|955
4147633795983109|06|2027|708
4147633781730704|01|2030|493
4147632809305200|12|2031|836
4147633707409003|06|2031|981
4147630028479905|07|2031|967
4363467200264517|01|2027|361
4363467200038804|09|2027|475
4363467013874825|09|2029|795
4363467013875582|09|2029|750
4363467013864503|07|2029|268
4363467013864842|08|2029|738
4363467013864883|11|2029|717
4363467013854173|07|2029|173
4363467013722164|04|2027|368
4363467013769272|10|2027|856
4363467013793843|04|2028|384
4363467010927816|01|2028|109
4363467007135209|05|2027|249
4363467008667408|12|2026|753
4363467007659018|09|2028|032
4363467006192300|10|2027|341
5391631003379482|07|2029|087
5391631003366034|05|2029|233
5391631003363221|05|2029|188
5391631003355797|09|2029|119
5391631003357272|04|2029|833
5391631003337647|02|2029|722
5391631003333414|01|2029|880
5391631003322128|12|2028|670
5391631003315353|11|2028|436
5391631003278692|07|2028|804
5391631003309042|11|2028|601
5391631003289236|08|2028|107
5391631003291372|09|2028|389
5391631003291588|11|2028|976
5391631003292354|09|2028|171
5391631003276506|11|2028|031
5391631003254081|03|2028|444
5391631003265285|05|2028|779
5391631003241781|01|2028|417
5391631003226089|08|2027|307
5391631003173497|10|2026|180
5391631003161740|04|2026|821
5391631003229810|11|2027|990
5391631001115516|08|2028|282
5391631000570307|12|2026|083
5391631000362804|08|2026|842
5391631002129714|08|2028|245
5391631000121705|04|2026|519
5391631002013132|03|2029|426
4770282707931758|06|2027|055
4770282707333682|01|2027|953
4770282706382086|08|2026|291
4770282400435453|10|2028|288
4284300804461260|01|2029|098
4284300804435306|10|2028|735
4284300804023904|08|2028|553
4310676003350505|03|2031|758
4284303807867848|08|2029|557
4284303807639759|04|2029|786
4284303806536865|03|2028|796
4284303806788524|04|2028|545
4284303806632458|04|2028|828
4284303805934186|06|2028|174
4284306880221411|05|2028|274
4284306807800347|01|2028|572
4284306801442369|08|2027|539
4284306803015957|04|2027|982
4284300801829345|07|2027|518
4665381004858132|06|2028|581
4665381004559904|02|2028|505
4665381000523623|11|2026|186
4284306880218102|09|2028|862
4284306809294762|12|2027|990
4284306880269675|12|2028|804
4284306880386305|10|2028|940
4284306880375928|08|2029|087
4284306810671818|06|2027|059
4284306880185475|09|2028|320
4284306809477557|12|2027|075
4284306808532618|09|2027|737
4284306808164826|04|2027|485
4284306805781358|05|2027|495
4284306807208160|11|2027|928
4284300802244163|07|2027|279
4284300801879126|04|2027|036
4284300800008065|08|2026|196
4284300800859152|12|2026|975
4284300280304091|06|2028|956
4162058814981506|12|2031|971
4162058808800001|07|2030|163
5148691082446327|08|2028|874
4284303880200784|08|2028|011
4284303880157315|07|2027|849
4284303806479140|11|2028|916
4284303806469083|01|2029|755
4147637701659802|07|2026|575
4147635035130508|05|2030|978
4147635018591700|07|2026|649
4147635032143306|06|2029|746
4147633906116904|11|2030|580
4147633746163306|01|2027|113
4147633744715602|12|2026|650
4023106480382068|09|2029|133
4023106480089077|01|2028|240
4023106403287352|07|2027|790
4023106402112825|08|2027|648
4003553003467609|02|2030|484
4023106400082202|12|2027|939
4003556800688004|05|2029|700
4023100701606561|07|2029|697
4023106400026043|06|2027|533
4258608300447514|01|2029|018
4258608300382620|12|2029|696
4258608300377844|12|2029|218
4258608300315745|11|2027|419
4258608300425213|12|2028|348
4258608300398311|12|2027|854
4258608300226025|09|2027|882
4258608300186922|08|2028|709
4258608300051126|09|2026|706
4258608101061977|06|2029|265
4258608002469311|10|2029|402
4258608300163970|08|2029|830
4258608300007235|04|2029|611
4258608002473974|10|2029|530
4258608300024230|07|2029|537
4258608300041648|10|2029|684
4258608101061803|08|2029|357
4258608002464908|08|2029|007
4258608200031319|06|2028|837
4258608002472935|10|2029|250
4258608002466549|09|2029|953
4258608002472380|10|2029|919
4258608002461276|12|2029|208
4258608002461235|09|2029|102
4258608002462621|02|2029|274
4258608002452762|07|2029|094
4258608002459528|08|2029|390
4258608002457357|08|2029|100
4258608002458082|03|2029|521
4258608002448893|06|2029|011
4258608002448950|06|2029|869
4258608002447937|12|2029|858
4258608002448497|06|2029|954
4258608002447135|05|2029|464
4258608002440106|04|2029|009
4258608002447465|05|2029|351
4258608002438571|03|2029|107
4258608002441740|04|2029|705
4258608001244806|03|2029|614
4258608002410133|08|2028|304
4258608002390194|08|2027|831
4258608002396530|10|2027|913
4258608000054214|01|2027|428
4258608001340703|08|2029|425
4258608000924416|12|2027|683
4258608000959701|02|2028|034
4258608000895210|11|2027|252
4258608000907700|12|2027|210
4258608000820911|09|2027|562
4258608000767617|07|2027|523
6226899010986800|03|2029|030
6226880203815063|10|2031|074
6228370182174797|01|2027|827
6228388000124331|06|2030|158
6226890036930849|08|2029|363
6226560911958450|11|2031|453
6227896804043144|08|2027|370
6225990039725625|12|2031|986
6225781832690938|05|2029|664
6225760002915119|11|2029|347
6224805700976193|03|2026|744
6222520780333114|12|2027|820
6222831004252711|11|2031|196
6222370145674830|03|2034|727
4934719903855730|09|2027|395
4658858800656553|01|2028|951
4658858800642397|08|2028|912
4658858800610048|06|2028|762
4658858800402024|03|2027|559
4658858800263715|09|2027|926
4658858800009043|09|2026|544
5497821805400403|05|2027|727
5497821704328838|04|2027|242
5497821703889129|05|2026|879
5509890040416504|04|2030|314
5497821805663331|01|2028|128
5497821704471810|02|2028|944
5497821704158698|01|2027|849
5468988128790839|09|2029|135
5422610003103319|06|2027|615
5149504005208436|01|2028|765
4871450129317397|10|2026|304
4815153048920122|08|2027|922
4815153018749485|04|2026|923
4417707303913593|02|2028|295
4417704020559742|11|2028|197
4417707303365117|05|2029|717
4340765003470241|05|1931|938
4147202597569811|03|2028|532
4377660101975884|11|2027|838
5455122908401368|12|2027|418
5156970000191291|01|2028|335
5156970000189816|12|2027|102
5156970000141866|08|2026|597
5156970000140447|08|2026|113
5156970000094206|01|2029|305
5156970000084728|03|2029|777
5148826013545017|04|2027|807
4365000230140726|04|2028|570
4365000330549669|05|2027|940
4365000330477507|02|2028|837
4365000330379000|02|2026|817
4260630001543017|12|2030|316
4413600026449421|03|2029|984
4413600025602996|10|2028|608
4413600024111387|10|2028|584
4413600022185581|02|2029|885
4413600022030886|02|2029|514
4413600021622402|09|2028|348
4413600019292176|10|2028|753
4002712001562636|08|2027|725
5275510001164826|11|2028|585
5275510001136634|11|2028|124
5275510001086797|10|2028|747
4770282804741639|06|2028|674
4770282803633308|05|2027|387
4770282803609829|05|2027|176
4770282803519986|03|2027|680
4770282803506355|03|2027|621
4770282803404221|01|2027|944
4770282803292253|12|2026|472
4770282710613179|10|2028|106
4770282710117346|06|2028|245
4770282710105341|06|2028|521
4770282710103395|05|2028|513
4770282709934578|04|2028|336
4770282709603967|07|2028|118
4770282709360154|05|2028|357
4770282709133411|03|2028|675
4770282709040178|03|2028|118
4770282708938596|02|2028|718
4770282708828219|01|2028|890
4770282708776038|12|2027|560
4628260504248034|08|2028|572
4628260504226279|05|2028|436
4215848730929523|10|2028|946
5577550135368211|01|1931|623
5577550116705407|10|2030|565
5196032155625367|07|2027|839
5196032155265644|07|2027|978
5196032155171909|07|2027|377
5196032155137744|07|2027|747
5196032155144088|07|2027|386
5196032155087097|07|2027|458
4029886802134388|11|2026|368
4029886802131913|10|2026|217
4029886802130063|09|2026|200
4029886042024118|01|2029|235
4029886037678209|06|2027|579
4029886032063514|06|2026|613
5196032140302528|06|2026|130
5196032137421208|03|2026|595
5196032136529266|02|2026|273
5196032135771190|02|2026|644
5196032093148316|01|2029|405
5171162901962092|07|2028|242
5171162802446245|10|2028|986
5171162802337931|05|2028|761
5156970000268347|12|2027|379
5148826041134891|11|2029|598
5120899003373122|12|2027|426
4921599011674701|09|2029|857
4770282804624082|04|2028|739
4770282804541716|08|2028|600
4770282804539835|07|2028|182
4770282804428674|06|2028|491
4770282804290041|04|2028|345
5171162901673376|03|2027|200
5171162801664806|02|2026|488
4770282706343294|07|2026|883
4770282706352907|07|2026|474
4770282706208109|06|2026|104
4770282702423751|01|2027|377
4770282400422733|08|2028|872
5196032167178793|01|2028|305
5196032166917829|01|2028|435
5196032166859435|01|2028|268
5196032166818803|01|2028|349
5196032166507901|01|2028|999
5196032166174348|01|2028|999
5196032166090015|01|2028|862
5196032166082129|01|2028|149
5196032166019865|01|2028|356
5196032165974557|01|2028|323
4340763000305866|08|2027|278
4340762033127644|05|1931|111
5196032142896519|08|2026|531
5196032142816871|08|2026|939
5196032142734462|07|2026|578
5196032142668843|07|2026|847
5196032142438502|07|2026|829
5196032142235759|07|2026|205
5196032142041397|07|2026|437
5196032141882379|07|2026|129
5196032141497343|06|2026|770
5196032141480711|06|2026|546
5196032141465092|06|2026|718
5196032141285490|06|2026|912
5120899001709624|08|2027|342
4032658881733918|08|2027|244
4386759009868339|07|2027|697
4386759005686883|02|2026|769
5522283004904066|11|2030|606
5522283004822904|09|2030|327
5522283004276952|05|2029|269
5522283003994597|01|2029|775
5522283002376069|02|2029|506
5522283000157495|08|2029|722
5522283000074807|03|2029|446
5522283000044354|09|2029|849
4512950200625217|07|2027|418
4512950200972932|06|2028|872
4512950200911807|10|2028|562
4512950200869195|02|2028|252
4512950200764321|11|2027|589
4512950200802246|12|2027|220
4512950200747615|11|2027|336
4512950200640844|07|2027|669
4512950200630704|07|2027|825
4512950200570942|05|2027|777
4512950200590684|05|2027|849
4512950200517489|12|2026|148
4512950200441300|03|2026|809
4512950200433646|03|2026|839
4375990000593518|07|2026|548
4693327000068479|06|2028|486
4693327000079815|11|2028|961
4693327000079849|11|2028|316
4693327000013293|06|2028|774
4693327000041138|12|2026|615
4693326419813608|10|2028|862
4693326421019962|11|2028|858
4693326033516462|12|2027|386
4693327000015561|07|2028|264
4693327000003492|11|2027|322
4693325457225808|07|2028|291
4693324300176029|01|2029|455
4693324300162391|09|2028|783
4693324300141288|03|2028|527
4693324300137047|02|2028|542
4693324300124508|10|2027|185
4693324300118153|08|2027|947
4693324300099023|09|2026|586
4693324300115233|07|2027|258
4693324300006101|10|2026|132
4693322852859448|05|2028|381
4693324300000716|04|2026|919
4693321950154330|01|2029|126
4031499552281031|01|2027|215
4031495712686028|06|2027|292
4031494700437247|11|2028|144
4031492729339139|09|2028|730
4031494700025208|02|2027|240
4031494700031917|04|2027|942
4031492969223134|05|2028|475
4031494700401490|04|2028|269
4031498268144590|06|2026|763
4031498926681298|08|2028|812
4031499319187083|08|2026|664
4031499112883748|10|2028|362
4031497516610345|02|2029|885
4031496872402453|05|2029|941
4031494700439847|12|2028|479
4031495260499998|10|2027|167
4031494700400872|04|2028|884
4031494700361348|09|2027|102
4031494700383441|01|2028|313
4031494700398407|03|2028|970
4031494700367568|10|2027|533
4031494700310519|11|2026|867
4031494491513024|08|2028|218
4031493198633200|03|2026|766
4031494700282031|02|2026|667
4031490432779146|09|2028|549
4365000030075700|03|2027|816
4934719906295140|12|2028|517
4934719906399249|01|2029|348
4934719906010192|11|2028|902
4934719905987515|11|2028|157
4934719905167258|06|2028|530
4934719904669528|03|2028|322
4934719904025838|10|2027|768
4934719903265435|12|2026|421
3565180017164618|12|2026|314
3563500101488247|12|2028|350
3564580004464924|02|2029|571
3564580004221258|07|2028|760
3564580003641191|09|2027|665
3564580002832924|06|2026|317
4322071003532102|05|2030|242
4322071000233399|03|2029|804
4322071000230270|02|2029|958
4322071000000897|10|2029|571
4677851517198891|11|2026|893
4693080247658673|08|2026|760
4693080246852608|04|2026|666
4693080247196765|06|2026|881
4693080247166883|10|2026|147
4693080247078427|12|2026|769
4693080246946921|11|2026|399
4693080246960898|09|2026|297
4693080245981473|10|2026|965
4693080245712522|05|2026|903
4693080245521931|06|2026|923
4693080245425216|06|2026|772
4693080245260969|12|2026|125
4029886044717313|11|2028|325
4363452800295046|09|2028|453
4363452800213080|01|2028|288
4029886802134529|11|2026|813
4921599010712023|03|2027|182
4921599010806775|07|2027|798
4921599011253217|10|2027|391
4921599011228698|11|2027|608
4921599011333753|03|2028|516
4921599010677549|03|2027|878
4921599009998997|08|2026|966
4770282803710155|07|2027|866
4363467202013920|06|2026|572
5275510000271622|06|2028|845
4766715002926482|05|2028|746
4766715001998581|06|2028|957
4766715002684990|09|2027|177
4766715002533353|03|2027|722
4766711002600078|06|2027|138
4766711002536280|03|2027|575
4766711001952744|03|2028|308
4364800000076146|05|2026|759
4628260600095016|06|2027|587
4628260504256367|04|2026|629
4766705005087275|06|2027|793
4766701005509939|08|2028|958
4766701025172924|01|1931|771
4766701005394308|03|2028|914
4570660130933024|12|2027|982
4570661008001373|08|2028|181
4570661002433226|11|2027|334
4029886033617813|08|2027|856
4570665009636806|11|2028|282
4570665006538112|11|2027|811
4570665003079219|10|2027|249
4570663772642002|07|2027|668
4570663715941008|02|2027|229
4570662800626573|09|2028|112
4570662800601733|08|2028|811
4570662800618935|09|2028|300
4570662800558735|07|2028|517
4363467202047001|09|2026|324
4363467008702833|12|2028|380
4770282803365752|01|2027|229
4770282803170053|10|2026|229
4770282710266192|07|2028|736
4770282709635795|07|2028|546
4770282709403673|05|2028|374
4770282709644607|07|2028|525
4770282709148666|03|2028|336
4770282709300002|05|2028|651
4770282709225688|04|2028|316
4770282708356880|09|2027|994
4770282708241991|08|2027|993
4770282707164558|12|2026|814
4770282707134551|12|2026|465
4770282706225798|06|2026|447
4770282702429675|01|2027|632
4770282704947211|07|2026|436
4155682201302866|01|2028|233
4155682200663110|11|2027|289
4155682200262228|10|2027|838
4029886802127002|08|2026|223
4029886044697994|08|2028|511
5497821805605928|11|2027|495
5497821805215934|02|2027|731
5497821804948824|11|2026|171
5497821704460839|12|2027|146
5497821704347580|05|2027|547
5497821704187564|01|2027|451
5497821704228210|02|2027|695
5497821704094562|12|2026|875
5497821701462515|09|2026|535
4029886802051954|11|2026|377
4029886800062128|09|2028|181
4029886802039942|07|2026|988
4029886044561562|11|2027|204
4216450001020469|10|2028|647
4216450001019107|08|2028|903
4363341100103424|07|2027|822
5302200139813125|10|2026|555
4921599011535472|12|2028|510
5400419011797419|04|2028|534
5400419011689483|03|2028|870
5400419010804414|09|2027|430
5400419010771464|09|2027|750
5400419009746279|03|2027|210
5400419010110648|06|2027|635
5400419006749706|05|2027|581
5400419008865013|05|2026|107
5400419008872555|05|2026|401
5400419006205717|02|2028|226
5400410001997812|08|2026|714
5400419007490607|10|2027|506
5400419009074797|09|2026|696
5400419008853043|04|2026|651
5498540000586811|02|2026|206
4539669010927337|03|2027|895
4539669009074620|05|2027|591
4539669008427555|07|2026|555
4539669008189619|10|2028|582
5400419010583984|08|2027|199
5400419009693257|03|2027|444
4766701004283395|05|2028|781
4766701003814331|08|2026|326
4766700000277989|07|2026|360
5412889008711563|11|2028|979
5412889008686229|08|2028|930
5412889008645738|07|2028|754
5412889008619477|05|2028|284
5412889008512987|11|2027|508
5412889008455526|09|2027|375
5412889008383140|09|2027|143
5412889008360056|09|2027|279
5412889008264118|07|2027|546
5412889008263375|07|2027|754
5412889008026244|07|2026|355
5412889007636654|10|2026|416
5412889006917246|06|2026|310
4386759011188668|10|2027|199
4386759011138580|10|2027|858
4386759011092357|10|2027|944
4386759011067524|10|2027|159
4386759010543988|09|2027|600
4386759010504824|08|2027|130
4386759009802932|07|2027|784
4386759009732840|07|2027|577
4386759009637031|06|2027|830
4386759009511293|06|2027|752
4386759009493872|06|2027|975
4386759009483527|06|2027|461
4386759009259661|05|2027|234
4386759009138352|04|2027|773
4386759009037471|03|2027|120
4386759008730373|01|2027|420
4386759008475334|11|2026|701
4386759008430842|10|2026|568
4386759008143304|08|2026|599
4386759008122084|07|2026|268
4386759007959064|05|2026|419
4386759007280529|09|2028|805
4386759007244947|08|2028|670
4386759006944661|03|2028|907
4386759005859654|08|2026|506
4921599011474433|08|2028|955
4921599011225926|10|2027|334
4921599011054888|09|2027|262
4921599011051942|09|2027|972
4921599010918364|08|2027|924
4921599010867975|08|2027|616
4921599010777331|06|2027|799
4921599010584331|10|2026|301
4921599010542032|09|2026|231
4921599010490851|07|2026|814
4921599010432143|04|2026|702
4921599010404985|02|2026|786
4921599010240678|04|2028|556
4921599010015146|04|2027|725
4921599008263500|01|2028|501
4921590004979082|11|2026|440
4766725002172284|05|2028|431
4766721001749016|06|2026|831
5275510000857347|09|2028|538
5275510000484811|07|2028|260
5275510000464029|07|2028|769
5275510000285762|06|2028|552
5275510000244256|06|2028|366
5275510000238704|06|2028|702
5275510000205216|06|2028|447
4617729015485452|07|2027|189
4617729015420749|08|2027|208
4617729015406037|07|2027|211
4617729015235501|06|2027|426
4617729014769740|05|2027|233
4617729014630488|04|2027|809
4617729014563200|04|2027|755
4617729014496468|04|2027|684
4617729012679834|07|2026|296
4617729012345154|05|2026|247
4617729008157704|03|2027|457
4617729007596241|10|2026|521
5120899005290639|05|2028|770
5120899002483641|02|2028|134
5196032139481515|04|2026|140
379186330751553|07|2028|3820
379186330742453|11|2028|3697
4382890003970161|12|2028|428
4382890003951476|10|2028|887
4382890003950429|07|2027|323
4382890003934977|08|2026|569
4382890003905795|06|2028|388
4382890003905977|06|2028|280
4382890003904376|06|2028|254
4382890003901760|06|2028|245
4382890003893108|05|2028|682
4382890003892654|06|2028|529
4382890003891680|06|2028|680
4382890003870981|10|2028|767
4382890003858051|04|2028|263
4382890003843640|03|2028|402
4382890003842683|05|2027|454
4382890003817834|03|2026|738
4382890003808726|01|2028|955
4382890003803131|01|2028|397
4382890003781162|12|2027|198
4382890003749714|11|2027|636
4382890003718511|10|2027|278
4031489999899206|01|2029|226
4031489999558398|07|2028|732
4031489999082464|05|2028|217
4031489998331334|05|2028|957
4031489998236335|03|2028|142
4031489998069314|08|2027|411
4031489997365341|02|2028|376
4031489216955351|04|2028|605
4031489152310157|06|2027|682
4031484930458089|04|2028|596
5222222802606831|12|2027|357
5222220003316978|10|2028|752
5222220003465577|09|2028|211
4031484740472940|01|2028|126
4031484600526108|09|2028|184
4031484600521067|08|2028|871
4031484600512280|07|2028|387
4031484600504410|05|2028|211
4031484600488101|02|2028|512
4031484600438973|06|2027|636
4031484600227327|08|2028|873
4031484600170725|02|2028|379
4031484600096185|06|2027|982
4031484600041074|09|2026|476
4031484600025002|04|2027|939
4031484465160225|05|2028|383
4031483412034038|08|2026|776
4031482905030180|04|2028|226
4031482570990700|08|2027|844
4031482192614399|07|2028|101
4031481597248126|05|2028|808
4031480031182958|07|2026|627
4031485977552346|06|2028|850
4031485041248681|05|2028|571
4031484600383096|02|2026|896
4031488891201453|09|2027|556
4031487969970791|06|2027|167
4031488203259801|05|2028|486
4539669016960316|12|2028|514
4539669016704375|10|2028|549
4539669016516993|09|2028|565
4539669016352944|03|2028|891
4539669015967130|05|2028|180
4539669015720497|04|2028|221
4539669015678182|04|2028|324
4539669015446762|03|2028|489
4539669015353422|02|2028|926
4539669015328267|02|2028|924
4539669014993301|01|2028|335
4539669014843126|12|2027|817
4539669014755668|12|2027|806
4539669014524205|11|2027|850
4539669014487072|11|2027|480
4539669014407559|10|2027|176
4539669014292050|10|2027|166
4539669014210854|10|2027|258
4539669013851880|08|2027|350
4539669013572932|07|2027|335
4539669013568070|07|2027|515
4539669013119130|04|2027|471
4539669012642207|12|2026|215
4539669012165639|04|2026|455
4539669009377353|08|2028|760
4293138358585137|03|2027|794
4293137244981617|03|2026|327
4293133185790166|02|2027|709
4293132952233178|11|2026|155
4293139999418191|11|2027|252
4293139999185725|11|2027|963
4293139999013521|02|2028|706
4293139000018873|06|2027|987
4293139453233177|09|2026|283
4293132658279566|05|2027|713
4293132653626142|02|2026|816
4293132761963213|10|2026|123
4293132683317662|08|2027|888
4677853511797199|02|2027|782
4677851520933185|06|2028|522
4677851520595471|08|2028|622
4677851520549593|08|2028|272
4677851520495763|07|2028|168
4677851520402678|07|2028|743
4677851520012600|03|2028|894
4677851518000948|01|2027|359
4677851517448320|12|2026|160
5521159005482032|05|2027|283
5213061000208581|10|2029|573
4677854300999343|08|2027|163
4677854300977273|04|2027|996
4677853512544012|03|2028|747
4677853512409901|12|2027|880
4677853511535060|01|2027|121
4677851511102485|11|2027|621
4677853510707876|05|2026|765
4539669013872555|08|2027|102
4539669013540962|06|2027|114
4539669013427723|06|2027|309
4539669010159154|10|2028|290
4539669014242808|11|2027|580
4539669014184372|10|2027|666
4539669013884501|08|2027|231
4539669013826056|08|2027|455
4539669013810977|08|2027|999
4539669013568047|07|2027|918
4539669013555358|07|2027|771
4539669013459262|06|2027|467
4539669013344142|06|2027|419
4539669012799957|01|2027|368
5401190112574028|08|2027|306
5524092200032459|10|2028|569
5524092200031501|10|2028|547
5524092200025396|10|2028|134
5524092200022609|09|2028|507
5524092200017633|09|2028|491
5524091100105837|03|2029|904
5524091100084651|02|2029|685
5524091100056766|12|2028|876
5524091100023634|10|2028|430
5524091100023543|08|2028|841
5524091100019913|09|2028|387
5524091100017099|09|2028|551
5524091100002844|08|2028|229
5524090000800810|12|2028|248
5524090000797446|07|2028|362
5524090000765823|01|2028|889
5524090000755360|12|2027|483
5524092200008335|08|2028|790
5524091100088181|02|2029|636
5524091100087928|02|2029|208
5524091100070684|01|2029|155
5524091100062798|01|2029|776
5524091100056337|12|2028|812
5524091100053821|12|2028|759
5524091100042311|11|2028|219
5524091100025274|10|2028|362
5524091100022644|10|2028|469
5524091100004337|08|2028|927
5524090000807807|02|2029|894
5524090000796356|10|2028|938
5524090000786522|07|2028|316
5524090000709367|01|2027|686
5524090000168887|07|2026|822
4677851519652978|12|2027|668
4677851519499958|11|2027|221
4677851519279483|09|2027|223
4677851518111323|02|2027|992
4677851517107579|11|2026|518
4677851516211372|05|2026|895
============================================================

============================================================
📅 Time: 2026-03-03 18:35:15
👤 User ID: 8281475034
👤 Username: @Prime_igcc
📋 Mode: clean
📊 Cards: 34
------------------------------------------------------------
4000222061656510|02|2035|714
4000223346975600|03|2030|313
4000222530646696|04|2026|687
4000222530640335|04|2026|687
4000223455252379|08|2029|377
4000222791128046|04|2027|631
4000223151763687|07|2028|470
4000222986610774|12|2027|111
4000223036886851|02|2028|578
4000223460993496|08|2029|489
4000222460311451|01|2026|482
4000222474567288|01|2026|569
4000222989597689|12|2027|384
4000220963032681|06|2026|409
4000223133550335|06|2028|157
4000223449041698|08|2029|065
4000222409575133|10|2029|199
4000223464167188|08|2029|625
4000225796432180|05|2031|612
4000225796432180|05|1931|612
4000222460424353|01|2026|397
4000222544681150|05|2027|373
4000223288064850|01|2029|255
4000223367553708|04|2029|164
4000223425841608|07|2029|542
4000222646556607|09|2026|401
4000223062126479|03|2028|480
4000223343374971|03|2029|824
4000222539183196|05|2026|037
4000223179577952|03|2026|675
4000228927605732|12|2026|111
4000222374953158|08|2029|673
4000222994949453|12|2027|819
4000223525207288|11|2029|049
============================================================
